/*
 * Generated by tests/gen_guest_header.js from wasm/guest - do not edit.
 *
 * Sokoban, written in Rust, compiled to wasm32-unknown-unknown and embedded in
 * the kernel image. It imports set_color, fill_rect, draw_int, width, height
 * and key from the host, and exports frame().
 *
 * 22034 bytes, one page of linear memory.
 */
#ifndef JVMOS_WASM_GUEST_H
#define JVMOS_WASM_GUEST_H

static const unsigned char wasm_guest_module[] = {
    0x00, 0x61, 0x73, 0x6d, 0x01, 0x00, 0x00, 0x00, 0x01, 0x27, 0x07, 0x60,
    0x02, 0x7f, 0x7f, 0x00, 0x60, 0x01, 0x7f, 0x00, 0x60, 0x04, 0x7f, 0x7f,
    0x7f, 0x7f, 0x00, 0x60, 0x00, 0x01, 0x7f, 0x60, 0x03, 0x7f, 0x7f, 0x7f,
    0x00, 0x60, 0x00, 0x00, 0x60, 0x06, 0x7f, 0x7f, 0x7f, 0x7f, 0x7f, 0x7f,
    0x00, 0x02, 0x6f, 0x08, 0x03, 0x65, 0x6e, 0x76, 0x04, 0x62, 0x65, 0x65,
    0x70, 0x00, 0x00, 0x03, 0x65, 0x6e, 0x76, 0x09, 0x73, 0x65, 0x74, 0x5f,
    0x63, 0x6f, 0x6c, 0x6f, 0x72, 0x00, 0x01, 0x03, 0x65, 0x6e, 0x76, 0x09,
    0x66, 0x69, 0x6c, 0x6c, 0x5f, 0x72, 0x65, 0x63, 0x74, 0x00, 0x02, 0x03,
    0x65, 0x6e, 0x76, 0x03, 0x6b, 0x65, 0x79, 0x00, 0x03, 0x03, 0x65, 0x6e,
    0x76, 0x05, 0x77, 0x69, 0x64, 0x74, 0x68, 0x00, 0x03, 0x03, 0x65, 0x6e,
    0x76, 0x06, 0x68, 0x65, 0x69, 0x67, 0x68, 0x74, 0x00, 0x03, 0x03, 0x65,
    0x6e, 0x76, 0x08, 0x64, 0x72, 0x61, 0x77, 0x5f, 0x69, 0x6e, 0x74, 0x00,
    0x04, 0x03, 0x65, 0x6e, 0x76, 0x0a, 0x64, 0x72, 0x61, 0x77, 0x5f, 0x69,
    0x6d, 0x61, 0x67, 0x65, 0x00, 0x02, 0x03, 0x0d, 0x0c, 0x01, 0x05, 0x00,
    0x00, 0x01, 0x06, 0x05, 0x01, 0x01, 0x01, 0x03, 0x05, 0x05, 0x03, 0x01,
    0x00, 0x01, 0x06, 0x16, 0x03, 0x7f, 0x01, 0x41, 0x80, 0x80, 0x02, 0x0b,
    0x7f, 0x00, 0x41, 0x94, 0xa6, 0x03, 0x0b, 0x7f, 0x00, 0x41, 0xa0, 0xa6,
    0x03, 0x0b, 0x07, 0x47, 0x06, 0x06, 0x6d, 0x65, 0x6d, 0x6f, 0x72, 0x79,
    0x02, 0x00, 0x05, 0x66, 0x72, 0x61, 0x6d, 0x65, 0x00, 0x0e, 0x09, 0x73,
    0x65, 0x74, 0x5f, 0x73, 0x6f, 0x75, 0x6e, 0x64, 0x00, 0x11, 0x0b, 0x6c,
    0x65, 0x76, 0x65, 0x6c, 0x5f, 0x63, 0x6f, 0x75, 0x6e, 0x74, 0x00, 0x12,
    0x0a, 0x5f, 0x5f, 0x64, 0x61, 0x74, 0x61, 0x5f, 0x65, 0x6e, 0x64, 0x03,
    0x01, 0x0b, 0x5f, 0x5f, 0x68, 0x65, 0x61, 0x70, 0x5f, 0x62, 0x61, 0x73,
    0x65, 0x03, 0x02, 0x0a, 0x83, 0x16, 0x0c, 0x81, 0x05, 0x01, 0x08, 0x7f,
    0x41, 0x80, 0x7a, 0x21, 0x01, 0x03, 0x40, 0x02, 0x40, 0x20, 0x01, 0x0d,
    0x00, 0x41, 0x00, 0x21, 0x02, 0x41, 0x00, 0x41, 0x00, 0x36, 0x02, 0xe8,
    0xa5, 0x83, 0x80, 0x00, 0x41, 0x00, 0x41, 0x00, 0x36, 0x02, 0xe4, 0xa5,
    0x83, 0x80, 0x00, 0x41, 0x00, 0x41, 0x00, 0x36, 0x02, 0xfc, 0xa5, 0x83,
    0x80, 0x00, 0x41, 0x00, 0x41, 0x00, 0x36, 0x02, 0xec, 0xa5, 0x83, 0x80,
    0x00, 0x41, 0x00, 0x41, 0x00, 0x36, 0x02, 0xf0, 0xa5, 0x83, 0x80, 0x00,
    0x41, 0x00, 0x21, 0x01, 0x41, 0x00, 0x21, 0x03, 0x02, 0x40, 0x03, 0x40,
    0x02, 0x40, 0x20, 0x02, 0x41, 0xb0, 0x93, 0x01, 0x47, 0x0d, 0x00, 0x20,
    0x01, 0x41, 0x00, 0x20, 0x03, 0x20, 0x00, 0x46, 0x22, 0x02, 0x1b, 0x21,
    0x01, 0x41, 0xb0, 0x93, 0x01, 0x41, 0x00, 0x20, 0x02, 0x1b, 0x21, 0x02,
    0x0c, 0x02, 0x0b, 0x02, 0x40, 0x02, 0x40, 0x20, 0x02, 0x41, 0x80, 0x80,
    0x82, 0x80, 0x00, 0x6a, 0x2d, 0x00, 0x00, 0x41, 0x3b, 0x47, 0x0d, 0x00,
    0x20, 0x03, 0x20, 0x00, 0x46, 0x0d, 0x01, 0x20, 0x03, 0x41, 0x01, 0x6a,
    0x21, 0x03, 0x41, 0xb0, 0x93, 0x01, 0x21, 0x01, 0x20, 0x02, 0x41, 0xaf,
    0x93, 0x01, 0x46, 0x0d, 0x00, 0x20, 0x02, 0x41, 0x02, 0x41, 0x01, 0x20,
    0x02, 0x41, 0x81, 0x80, 0x82, 0x80, 0x00, 0x6a, 0x2d, 0x00, 0x00, 0x41,
    0x0a, 0x46, 0x1b, 0x6a, 0x21, 0x01, 0x0b, 0x20, 0x02, 0x41, 0x01, 0x6a,
    0x21, 0x02, 0x0c, 0x01, 0x0b, 0x0b, 0x20, 0x02, 0x20, 0x01, 0x4d, 0x0d,
    0x00, 0x20, 0x02, 0x41, 0x7f, 0x6a, 0x20, 0x02, 0x20, 0x02, 0x41, 0xff,
    0xff, 0x81, 0x80, 0x00, 0x6a, 0x2d, 0x00, 0x00, 0x41, 0x0a, 0x46, 0x1b,
    0x21, 0x02, 0x0b, 0x20, 0x02, 0x20, 0x01, 0x20, 0x02, 0x20, 0x01, 0x4b,
    0x1b, 0x21, 0x04, 0x41, 0x00, 0x21, 0x05, 0x41, 0x00, 0x21, 0x06, 0x41,
    0x00, 0x21, 0x07, 0x41, 0x00, 0x21, 0x03, 0x41, 0x00, 0x21, 0x02, 0x03,
    0x40, 0x02, 0x40, 0x02, 0x40, 0x02, 0x40, 0x20, 0x04, 0x20, 0x01, 0x46,
    0x0d, 0x00, 0x02, 0x40, 0x20, 0x01, 0x41, 0x80, 0x80, 0x82, 0x80, 0x00,
    0x6a, 0x2d, 0x00, 0x00, 0x22, 0x00, 0x41, 0x0a, 0x47, 0x0d, 0x00, 0x20,
    0x03, 0x41, 0x01, 0x6a, 0x21, 0x03, 0x41, 0x00, 0x21, 0x02, 0x0c, 0x03,
    0x0b, 0x20, 0x03, 0x41, 0x17, 0x4b, 0x0d, 0x01, 0x20, 0x02, 0x41, 0x20,
    0x4f, 0x0d, 0x01, 0x20, 0x03, 0x41, 0x05, 0x74, 0x20, 0x02, 0x72, 0x21,
    0x08, 0x02, 0x40, 0x02, 0x40, 0x02, 0x40, 0x02, 0x40, 0x20, 0x00, 0x41,
    0x5d, 0x6a, 0x0e, 0x02, 0x01, 0x03, 0x00, 0x0b, 0x20, 0x00, 0x41, 0x2e,
    0x46, 0x0d, 0x01, 0x20, 0x00, 0x41, 0xc0, 0x00, 0x47, 0x0d, 0x04, 0x41,
    0x00, 0x20, 0x03, 0x36, 0x02, 0xf0, 0xa5, 0x83, 0x80, 0x00, 0x41, 0x00,
    0x20, 0x02, 0x36, 0x02, 0xec, 0xa5, 0x83, 0x80, 0x00, 0x0c, 0x04, 0x0b,
    0x20, 0x08, 0x41, 0xe0, 0x93, 0x83, 0x80, 0x00, 0x6a, 0x41, 0x01, 0x3a,
    0x00, 0x00, 0x0c, 0x03, 0x0b, 0x20, 0x08, 0x41, 0xe0, 0x99, 0x83, 0x80,
    0x00, 0x6a, 0x41, 0x01, 0x3a, 0x00, 0x00, 0x0c, 0x02, 0x0b, 0x41, 0x00,
    0x20, 0x07, 0x41, 0x01, 0x6a, 0x22, 0x07, 0x36, 0x02, 0xfc, 0xa5, 0x83,
    0x80, 0x00, 0x20, 0x08, 0x41, 0xe0, 0x9f, 0x83, 0x80, 0x00, 0x6a, 0x41,
    0x01, 0x3a, 0x00, 0x00, 0x0c, 0x01, 0x0b, 0x41, 0x00, 0x41, 0x00, 0x36,
    0x02, 0xf8, 0xa5, 0x83, 0x80, 0x00, 0x41, 0x00, 0x41, 0x00, 0x36, 0x02,
    0xf4, 0xa5, 0x83, 0x80, 0x00, 0x41, 0x00, 0x41, 0x00, 0x36, 0x02, 0x84,
    0xa6, 0x83, 0x80, 0x00, 0x10, 0x89, 0x80, 0x80, 0x80, 0x00, 0x0f, 0x0b,
    0x02, 0x40, 0x20, 0x02, 0x41, 0x01, 0x6a, 0x22, 0x02, 0x20, 0x06, 0x4c,
    0x0d, 0x00, 0x41, 0x00, 0x20, 0x02, 0x36, 0x02, 0xe4, 0xa5, 0x83, 0x80,
    0x00, 0x20, 0x02, 0x21, 0x06, 0x0b, 0x20, 0x03, 0x41, 0x01, 0x6a, 0x22,
    0x00, 0x20, 0x05, 0x4c, 0x0d, 0x00, 0x41, 0x00, 0x20, 0x00, 0x36, 0x02,
    0xe8, 0xa5, 0x83, 0x80, 0x00, 0x20, 0x00, 0x21, 0x05, 0x0b, 0x20, 0x01,
    0x41, 0x01, 0x6a, 0x21, 0x01, 0x0c, 0x00, 0x0b, 0x0b, 0x20, 0x01, 0x41,
    0xe0, 0x9f, 0x83, 0x80, 0x00, 0x6a, 0x41, 0x00, 0x3a, 0x00, 0x00, 0x20,
    0x01, 0x41, 0xe0, 0x99, 0x83, 0x80, 0x00, 0x6a, 0x41, 0x00, 0x3a, 0x00,
    0x00, 0x20, 0x01, 0x41, 0xe0, 0xa5, 0x83, 0x80, 0x00, 0x6a, 0x41, 0x00,
    0x3a, 0x00, 0x00, 0x20, 0x01, 0x41, 0x01, 0x6a, 0x21, 0x01, 0x0c, 0x00,
    0x0b, 0x0b, 0x71, 0x01, 0x02, 0x7f, 0x41, 0x00, 0x21, 0x00, 0x41, 0x80,
    0x7a, 0x21, 0x01, 0x02, 0x40, 0x03, 0x40, 0x20, 0x01, 0x45, 0x0d, 0x01,
    0x02, 0x40, 0x20, 0x01, 0x41, 0xe0, 0xa5, 0x83, 0x80, 0x00, 0x6a, 0x2d,
    0x00, 0x00, 0x41, 0x01, 0x47, 0x0d, 0x00, 0x20, 0x00, 0x20, 0x01, 0x41,
    0xe0, 0x9f, 0x83, 0x80, 0x00, 0x6a, 0x2d, 0x00, 0x00, 0x41, 0x01, 0x46,
    0x6a, 0x21, 0x00, 0x0b, 0x20, 0x01, 0x41, 0x01, 0x6a, 0x21, 0x01, 0x0c,
    0x00, 0x0b, 0x0b, 0x41, 0x00, 0x20, 0x00, 0x36, 0x02, 0x80, 0xa6, 0x83,
    0x80, 0x00, 0x41, 0x00, 0x41, 0x00, 0x28, 0x02, 0xfc, 0xa5, 0x83, 0x80,
    0x00, 0x22, 0x01, 0x41, 0x00, 0x4a, 0x20, 0x00, 0x20, 0x01, 0x46, 0x71,
    0x36, 0x02, 0x84, 0xa6, 0x83, 0x80, 0x00, 0x0b, 0x1d, 0x00, 0x02, 0x40,
    0x41, 0x00, 0x28, 0x02, 0xdc, 0x93, 0x83, 0x80, 0x00, 0x41, 0x01, 0x47,
    0x0d, 0x00, 0x20, 0x00, 0x20, 0x01, 0x10, 0x80, 0x80, 0x80, 0x80, 0x00,
    0x0b, 0x0b, 0x98, 0x03, 0x01, 0x03, 0x7f, 0x02, 0x40, 0x02, 0x40, 0x41,
    0x00, 0x28, 0x02, 0x84, 0xa6, 0x83, 0x80, 0x00, 0x41, 0x01, 0x46, 0x0d,
    0x00, 0x41, 0x00, 0x28, 0x02, 0xf0, 0xa5, 0x83, 0x80, 0x00, 0x20, 0x01,
    0x6a, 0x22, 0x02, 0x41, 0x17, 0x4a, 0x0d, 0x00, 0x41, 0x00, 0x28, 0x02,
    0xec, 0xa5, 0x83, 0x80, 0x00, 0x20, 0x00, 0x6a, 0x22, 0x03, 0x41, 0x1f,
    0x4a, 0x0d, 0x00, 0x20, 0x02, 0x20, 0x03, 0x72, 0x41, 0x7f, 0x4c, 0x0d,
    0x00, 0x02, 0x40, 0x20, 0x02, 0x41, 0x05, 0x74, 0x20, 0x03, 0x6a, 0x22,
    0x04, 0x41, 0xe0, 0x93, 0x83, 0x80, 0x00, 0x6a, 0x2d, 0x00, 0x00, 0x41,
    0x01, 0x47, 0x0d, 0x00, 0x41, 0x96, 0x01, 0x41, 0x37, 0x10, 0x8a, 0x80,
    0x80, 0x80, 0x00, 0x0f, 0x0b, 0x02, 0x40, 0x02, 0x40, 0x20, 0x04, 0x41,
    0xe0, 0x9f, 0x83, 0x80, 0x00, 0x6a, 0x2d, 0x00, 0x00, 0x41, 0x01, 0x47,
    0x0d, 0x00, 0x02, 0x40, 0x02, 0x40, 0x20, 0x02, 0x20, 0x01, 0x6a, 0x22,
    0x01, 0x41, 0x17, 0x4a, 0x0d, 0x00, 0x20, 0x03, 0x20, 0x00, 0x6a, 0x22,
    0x00, 0x41, 0x1f, 0x4a, 0x0d, 0x00, 0x20, 0x01, 0x20, 0x00, 0x72, 0x41,
    0x00, 0x4e, 0x0d, 0x01, 0x0b, 0x41, 0x96, 0x01, 0x41, 0x37, 0x10, 0x8a,
    0x80, 0x80, 0x80, 0x00, 0x0f, 0x0b, 0x20, 0x01, 0x41, 0x05, 0x74, 0x20,
    0x00, 0x6a, 0x22, 0x01, 0x41, 0xe0, 0x93, 0x83, 0x80, 0x00, 0x6a, 0x2d,
    0x00, 0x00, 0x41, 0x01, 0x46, 0x0d, 0x03, 0x20, 0x01, 0x41, 0xe0, 0x9f,
    0x83, 0x80, 0x00, 0x6a, 0x22, 0x01, 0x2d, 0x00, 0x00, 0x41, 0x01, 0x46,
    0x0d, 0x03, 0x20, 0x04, 0x41, 0xe0, 0x9f, 0x83, 0x80, 0x00, 0x6a, 0x41,
    0x00, 0x3a, 0x00, 0x00, 0x20, 0x01, 0x41, 0x01, 0x3a, 0x00, 0x00, 0x41,
    0x00, 0x41, 0x00, 0x28, 0x02, 0xf8, 0xa5, 0x83, 0x80, 0x00, 0x41, 0x01,
    0x6a, 0x36, 0x02, 0xf8, 0xa5, 0x83, 0x80, 0x00, 0x41, 0x88, 0x04, 0x41,
    0x22, 0x10, 0x8a, 0x80, 0x80, 0x80, 0x00, 0x0c, 0x01, 0x0b, 0x41, 0xdc,
    0x0b, 0x41, 0x09, 0x10, 0x8a, 0x80, 0x80, 0x80, 0x00, 0x0b, 0x41, 0x00,
    0x20, 0x02, 0x36, 0x02, 0xf0, 0xa5, 0x83, 0x80, 0x00, 0x41, 0x00, 0x20,
    0x03, 0x36, 0x02, 0xec, 0xa5, 0x83, 0x80, 0x00, 0x41, 0x00, 0x41, 0x00,
    0x28, 0x02, 0xf4, 0xa5, 0x83, 0x80, 0x00, 0x41, 0x01, 0x6a, 0x36, 0x02,
    0xf4, 0xa5, 0x83, 0x80, 0x00, 0x10, 0x89, 0x80, 0x80, 0x80, 0x00, 0x41,
    0x00, 0x28, 0x02, 0x84, 0xa6, 0x83, 0x80, 0x00, 0x41, 0x01, 0x47, 0x0d,
    0x00, 0x41, 0x90, 0x06, 0x41, 0xee, 0x00, 0x10, 0x8a, 0x80, 0x80, 0x80,
    0x00, 0x41, 0xdc, 0x07, 0x41, 0xee, 0x00, 0x10, 0x8a, 0x80, 0x80, 0x80,
    0x00, 0x41, 0xa7, 0x0a, 0x41, 0xac, 0x02, 0x10, 0x8a, 0x80, 0x80, 0x80,
    0x00, 0x0b, 0x0f, 0x0b, 0x41, 0x96, 0x01, 0x41, 0x37, 0x10, 0x8a, 0x80,
    0x80, 0x80, 0x00, 0x0b, 0x35, 0x00, 0x41, 0x00, 0x41, 0x00, 0x28, 0x02,
    0xe0, 0xa5, 0x83, 0x80, 0x00, 0x20, 0x00, 0x6a, 0x22, 0x00, 0x41, 0x00,
    0x20, 0x00, 0x41, 0x00, 0x4a, 0x1b, 0x22, 0x00, 0x41, 0x3c, 0x20, 0x00,
    0x41, 0x3c, 0x48, 0x1b, 0x22, 0x00, 0x36, 0x02, 0xe0, 0xa5, 0x83, 0x80,
    0x00, 0x20, 0x00, 0x10, 0x88, 0x80, 0x80, 0x80, 0x00, 0x0b, 0x7f, 0x01,
    0x02, 0x7f, 0x02, 0x40, 0x20, 0x02, 0x20, 0x02, 0x41, 0x05, 0x6e, 0x22,
    0x06, 0x41, 0x01, 0x74, 0x6b, 0x22, 0x02, 0x20, 0x05, 0x41, 0x01, 0x74,
    0x22, 0x07, 0x4c, 0x0d, 0x00, 0x20, 0x03, 0x20, 0x07, 0x6b, 0x22, 0x03,
    0x20, 0x07, 0x4d, 0x0d, 0x00, 0x20, 0x04, 0x10, 0x81, 0x80, 0x80, 0x80,
    0x00, 0x20, 0x06, 0x20, 0x00, 0x6a, 0x22, 0x07, 0x20, 0x05, 0x20, 0x01,
    0x6a, 0x22, 0x04, 0x20, 0x02, 0x20, 0x05, 0x10, 0x82, 0x80, 0x80, 0x80,
    0x00, 0x20, 0x07, 0x20, 0x01, 0x20, 0x03, 0x6a, 0x20, 0x02, 0x20, 0x05,
    0x10, 0x82, 0x80, 0x80, 0x80, 0x00, 0x20, 0x07, 0x20, 0x04, 0x20, 0x05,
    0x20, 0x03, 0x10, 0x82, 0x80, 0x80, 0x80, 0x00, 0x20, 0x02, 0x20, 0x07,
    0x6a, 0x20, 0x05, 0x6b, 0x20, 0x04, 0x20, 0x05, 0x20, 0x03, 0x10, 0x82,
    0x80, 0x80, 0x80, 0x00, 0x0b, 0x0b, 0xef, 0x0a, 0x01, 0x0c, 0x7f, 0x02,
    0x40, 0x41, 0x00, 0x2d, 0x00, 0x88, 0xa6, 0x83, 0x80, 0x00, 0x0d, 0x00,
    0x41, 0x00, 0x41, 0x01, 0x3a, 0x00, 0x88, 0xa6, 0x83, 0x80, 0x00, 0x41,
    0x00, 0x28, 0x02, 0xe0, 0xa5, 0x83, 0x80, 0x00, 0x10, 0x88, 0x80, 0x80,
    0x80, 0x00, 0x0b, 0x02, 0x40, 0x02, 0x40, 0x03, 0x40, 0x02, 0x40, 0x02,
    0x40, 0x02, 0x40, 0x02, 0x40, 0x02, 0x40, 0x10, 0x83, 0x80, 0x80, 0x80,
    0x00, 0x22, 0x00, 0x0d, 0x00, 0x10, 0x84, 0x80, 0x80, 0x80, 0x00, 0x21,
    0x00, 0x10, 0x85, 0x80, 0x80, 0x80, 0x00, 0x21, 0x01, 0x20, 0x00, 0x41,
    0x01, 0x48, 0x0d, 0x07, 0x20, 0x01, 0x41, 0x01, 0x48, 0x0d, 0x07, 0x02,
    0x40, 0x41, 0x00, 0x2d, 0x00, 0x8c, 0xa6, 0x83, 0x80, 0x00, 0x45, 0x0d,
    0x00, 0x41, 0x00, 0x28, 0x02, 0xe4, 0xa5, 0x83, 0x80, 0x00, 0x41, 0x01,
    0x48, 0x0d, 0x08, 0x41, 0x00, 0x28, 0x02, 0xe8, 0xa5, 0x83, 0x80, 0x00,
    0x41, 0x01, 0x48, 0x0d, 0x08, 0x41, 0xeb, 0xc0, 0xd1, 0x00, 0x10, 0x81,
    0x80, 0x80, 0x80, 0x00, 0x41, 0x00, 0x28, 0x02, 0xe0, 0xa5, 0x83, 0x80,
    0x00, 0x41, 0x01, 0x6a, 0x41, 0x00, 0x41, 0x00, 0x10, 0x86, 0x80, 0x80,
    0x80, 0x00, 0x41, 0xa9, 0xcc, 0x8c, 0x01, 0x10, 0x81, 0x80, 0x80, 0x80,
    0x00, 0x41, 0x00, 0x28, 0x02, 0xf4, 0xa5, 0x83, 0x80, 0x00, 0x41, 0xe0,
    0x00, 0x41, 0x00, 0x10, 0x86, 0x80, 0x80, 0x80, 0x00, 0x41, 0x00, 0x28,
    0x02, 0xf8, 0xa5, 0x83, 0x80, 0x00, 0x41, 0xb8, 0x01, 0x41, 0x00, 0x10,
    0x86, 0x80, 0x80, 0x80, 0x00, 0x41, 0xcf, 0xfa, 0xb9, 0x01, 0x41, 0xa9,
    0xcc, 0x8c, 0x01, 0x41, 0x00, 0x28, 0x02, 0x84, 0xa6, 0x83, 0x80, 0x00,
    0x41, 0x01, 0x46, 0x1b, 0x10, 0x81, 0x80, 0x80, 0x80, 0x00, 0x41, 0x00,
    0x28, 0x02, 0x80, 0xa6, 0x83, 0x80, 0x00, 0x41, 0xa0, 0x02, 0x41, 0x00,
    0x10, 0x86, 0x80, 0x80, 0x80, 0x00, 0x41, 0x00, 0x28, 0x02, 0xfc, 0xa5,
    0x83, 0x80, 0x00, 0x41, 0xc0, 0x02, 0x41, 0x00, 0x10, 0x86, 0x80, 0x80,
    0x80, 0x00, 0x41, 0x00, 0x28, 0x02, 0xe4, 0xa5, 0x83, 0x80, 0x00, 0x22,
    0x02, 0x45, 0x0d, 0x02, 0x41, 0x00, 0x28, 0x02, 0xe8, 0xa5, 0x83, 0x80,
    0x00, 0x41, 0x02, 0x74, 0x22, 0x03, 0x45, 0x0d, 0x03, 0x41, 0xb8, 0xfb,
    0xe3, 0x06, 0x10, 0x81, 0x80, 0x80, 0x80, 0x00, 0x20, 0x00, 0x20, 0x01,
    0x41, 0x66, 0x6a, 0x20, 0x03, 0x6d, 0x22, 0x01, 0x20, 0x00, 0x41, 0x7c,
    0x6a, 0x20, 0x02, 0x41, 0x05, 0x6c, 0x6d, 0x22, 0x03, 0x20, 0x01, 0x20,
    0x03, 0x48, 0x1b, 0x22, 0x04, 0x41, 0x01, 0x20, 0x04, 0x41, 0x01, 0x4a,
    0x1b, 0x22, 0x01, 0x41, 0x08, 0x20, 0x01, 0x41, 0x08, 0x48, 0x1b, 0x22,
    0x05, 0x41, 0x05, 0x6c, 0x22, 0x03, 0x20, 0x02, 0x6c, 0x6b, 0x41, 0x02,
    0x6d, 0x22, 0x06, 0x41, 0x16, 0x20, 0x03, 0x41, 0x00, 0x28, 0x02, 0xe4,
    0xa5, 0x83, 0x80, 0x00, 0x6c, 0x20, 0x05, 0x41, 0x02, 0x74, 0x22, 0x07,
    0x41, 0x00, 0x28, 0x02, 0xe8, 0xa5, 0x83, 0x80, 0x00, 0x6c, 0x10, 0x82,
    0x80, 0x80, 0x80, 0x00, 0x41, 0x02, 0x41, 0x01, 0x20, 0x04, 0x41, 0x03,
    0x4a, 0x1b, 0x21, 0x08, 0x41, 0x00, 0x21, 0x09, 0x41, 0x00, 0x21, 0x0a,
    0x03, 0x40, 0x20, 0x0a, 0x41, 0x00, 0x28, 0x02, 0xe8, 0xa5, 0x83, 0x80,
    0x00, 0x4e, 0x0d, 0x08, 0x20, 0x0a, 0x20, 0x07, 0x6c, 0x41, 0x16, 0x6a,
    0x21, 0x0b, 0x41, 0x00, 0x21, 0x01, 0x20, 0x06, 0x21, 0x02, 0x03, 0x40,
    0x02, 0x40, 0x20, 0x01, 0x41, 0x00, 0x28, 0x02, 0xe4, 0xa5, 0x83, 0x80,
    0x00, 0x48, 0x0d, 0x00, 0x20, 0x09, 0x41, 0x20, 0x6a, 0x21, 0x09, 0x20,
    0x0a, 0x41, 0x01, 0x6a, 0x21, 0x0a, 0x0c, 0x02, 0x0b, 0x20, 0x09, 0x20,
    0x01, 0x6a, 0x22, 0x00, 0x41, 0xff, 0x05, 0x4b, 0x0d, 0x06, 0x02, 0x40,
    0x02, 0x40, 0x20, 0x00, 0x41, 0xe0, 0x93, 0x83, 0x80, 0x00, 0x6a, 0x2d,
    0x00, 0x00, 0x41, 0x01, 0x47, 0x0d, 0x00, 0x41, 0xff, 0xab, 0xd5, 0x02,
    0x10, 0x81, 0x80, 0x80, 0x80, 0x00, 0x20, 0x02, 0x20, 0x0b, 0x20, 0x03,
    0x20, 0x07, 0x10, 0x82, 0x80, 0x80, 0x80, 0x00, 0x0c, 0x01, 0x0b, 0x20,
    0x00, 0x41, 0xe0, 0x99, 0x83, 0x80, 0x00, 0x6a, 0x2d, 0x00, 0x00, 0x41,
    0x01, 0x47, 0x0d, 0x00, 0x20, 0x00, 0x41, 0xe0, 0x9f, 0x83, 0x80, 0x00,
    0x6a, 0x2d, 0x00, 0x00, 0x0d, 0x00, 0x20, 0x02, 0x20, 0x0b, 0x20, 0x03,
    0x20, 0x07, 0x41, 0xe0, 0xa8, 0x88, 0x06, 0x41, 0x01, 0x10, 0x8d, 0x80,
    0x80, 0x80, 0x00, 0x0b, 0x02, 0x40, 0x20, 0x00, 0x41, 0xe0, 0x9f, 0x83,
    0x80, 0x00, 0x6a, 0x2d, 0x00, 0x00, 0x41, 0x01, 0x47, 0x0d, 0x00, 0x41,
    0x80, 0xfa, 0xfd, 0x07, 0x41, 0x80, 0xfc, 0xfe, 0x07, 0x20, 0x00, 0x41,
    0xe0, 0x99, 0x83, 0x80, 0x00, 0x6a, 0x2d, 0x00, 0x00, 0x41, 0x01, 0x46,
    0x1b, 0x10, 0x81, 0x80, 0x80, 0x80, 0x00, 0x20, 0x02, 0x20, 0x0b, 0x20,
    0x03, 0x20, 0x07, 0x10, 0x82, 0x80, 0x80, 0x80, 0x00, 0x20, 0x02, 0x20,
    0x0b, 0x20, 0x03, 0x20, 0x07, 0x41, 0x98, 0xf7, 0xd1, 0x01, 0x20, 0x08,
    0x10, 0x8d, 0x80, 0x80, 0x80, 0x00, 0x0b, 0x20, 0x02, 0x20, 0x03, 0x6a,
    0x21, 0x02, 0x20, 0x01, 0x41, 0x01, 0x6a, 0x21, 0x01, 0x0c, 0x00, 0x0b,
    0x0b, 0x0b, 0x41, 0x00, 0x28, 0x02, 0x90, 0xa6, 0x83, 0x80, 0x00, 0x20,
    0x01, 0x41, 0xfd, 0x00, 0x6e, 0x22, 0x02, 0x20, 0x00, 0x41, 0xc8, 0x01,
    0x6e, 0x22, 0x03, 0x20, 0x02, 0x20, 0x03, 0x49, 0x1b, 0x22, 0x02, 0x41,
    0x01, 0x20, 0x02, 0x41, 0x01, 0x4b, 0x1b, 0x22, 0x02, 0x41, 0x04, 0x20,
    0x02, 0x41, 0x04, 0x49, 0x1b, 0x22, 0x02, 0x41, 0xb8, 0x7e, 0x6c, 0x20,
    0x00, 0x6a, 0x41, 0x02, 0x6d, 0x20, 0x02, 0x41, 0x83, 0x7f, 0x6c, 0x20,
    0x01, 0x6a, 0x41, 0x02, 0x6d, 0x20, 0x02, 0x10, 0x87, 0x80, 0x80, 0x80,
    0x00, 0x41, 0xeb, 0xc0, 0xd1, 0x00, 0x10, 0x81, 0x80, 0x80, 0x80, 0x00,
    0x41, 0x00, 0x28, 0x02, 0x90, 0xa6, 0x83, 0x80, 0x00, 0x41, 0x01, 0x6a,
    0x41, 0x00, 0x41, 0x00, 0x10, 0x86, 0x80, 0x80, 0x80, 0x00, 0x41, 0x05,
    0x41, 0x20, 0x41, 0x00, 0x10, 0x86, 0x80, 0x80, 0x80, 0x00, 0x0c, 0x07,
    0x0b, 0x41, 0x00, 0x2d, 0x00, 0x8c, 0xa6, 0x83, 0x80, 0x00, 0x0d, 0x03,
    0x02, 0x40, 0x02, 0x40, 0x02, 0x40, 0x20, 0x00, 0x41, 0x7d, 0x6a, 0x0e,
    0x05, 0x01, 0x00, 0x02, 0x00, 0x01, 0x02, 0x0b, 0x41, 0x00, 0x41, 0x00,
    0x41, 0x00, 0x28, 0x02, 0x90, 0xa6, 0x83, 0x80, 0x00, 0x41, 0x01, 0x6a,
    0x22, 0x00, 0x20, 0x00, 0x41, 0x04, 0x4a, 0x1b, 0x36, 0x02, 0x90, 0xa6,
    0x83, 0x80, 0x00, 0x0c, 0x06, 0x0b, 0x41, 0x00, 0x41, 0x04, 0x41, 0x00,
    0x28, 0x02, 0x90, 0xa6, 0x83, 0x80, 0x00, 0x41, 0x7f, 0x6a, 0x22, 0x00,
    0x20, 0x00, 0x41, 0x00, 0x48, 0x1b, 0x36, 0x02, 0x90, 0xa6, 0x83, 0x80,
    0x00, 0x0c, 0x05, 0x0b, 0x41, 0x00, 0x41, 0x01, 0x3a, 0x00, 0x8c, 0xa6,
    0x83, 0x80, 0x00, 0x0c, 0x04, 0x0b, 0x41, 0xbc, 0x93, 0x83, 0x80, 0x00,
    0x10, 0x8f, 0x80, 0x80, 0x80, 0x00, 0x00, 0x0b, 0x41, 0xcc, 0x93, 0x83,
    0x80, 0x00, 0x10, 0x8f, 0x80, 0x80, 0x80, 0x00, 0x00, 0x0b, 0x20, 0x00,
    0x10, 0x90, 0x80, 0x80, 0x80, 0x00, 0x00, 0x0b, 0x02, 0x40, 0x02, 0x40,
    0x02, 0x40, 0x02, 0x40, 0x02, 0x40, 0x02, 0x40, 0x02, 0x40, 0x02, 0x40,
    0x20, 0x00, 0x41, 0x7f, 0x6a, 0x0e, 0x08, 0x01, 0x02, 0x03, 0x04, 0x05,
    0x06, 0x07, 0x00, 0x08, 0x0b, 0x41, 0x00, 0x41, 0x00, 0x3a, 0x00, 0x8c,
    0xa6, 0x83, 0x80, 0x00, 0x0c, 0x07, 0x0b, 0x41, 0x00, 0x41, 0x7f, 0x10,
    0x8b, 0x80, 0x80, 0x80, 0x00, 0x0c, 0x06, 0x0b, 0x41, 0x00, 0x41, 0x01,
    0x10, 0x8b, 0x80, 0x80, 0x80, 0x00, 0x0c, 0x05, 0x0b, 0x41, 0x7f, 0x41,
    0x00, 0x10, 0x8b, 0x80, 0x80, 0x80, 0x00, 0x0c, 0x04, 0x0b, 0x41, 0x01,
    0x41, 0x00, 0x10, 0x8b, 0x80, 0x80, 0x80, 0x00, 0x0c, 0x03, 0x0b, 0x41,
    0x00, 0x28, 0x02, 0xe0, 0xa5, 0x83, 0x80, 0x00, 0x10, 0x88, 0x80, 0x80,
    0x80, 0x00, 0x0c, 0x02, 0x0b, 0x41, 0x01, 0x10, 0x8c, 0x80, 0x80, 0x80,
    0x00, 0x0c, 0x01, 0x0b, 0x41, 0x7f, 0x10, 0x8c, 0x80, 0x80, 0x80, 0x00,
    0x0c, 0x00, 0x0b, 0x0b, 0x41, 0x00, 0x21, 0x01, 0x41, 0x00, 0x28, 0x02,
    0xec, 0xa5, 0x83, 0x80, 0x00, 0x21, 0x00, 0x41, 0x00, 0x28, 0x02, 0xf0,
    0xa5, 0x83, 0x80, 0x00, 0x21, 0x02, 0x41, 0x80, 0x82, 0xfd, 0x07, 0x10,
    0x81, 0x80, 0x80, 0x80, 0x00, 0x20, 0x00, 0x20, 0x03, 0x6c, 0x20, 0x06,
    0x6a, 0x22, 0x00, 0x20, 0x02, 0x20, 0x07, 0x6c, 0x22, 0x0a, 0x41, 0x16,
    0x6a, 0x22, 0x02, 0x20, 0x03, 0x20, 0x07, 0x10, 0x82, 0x80, 0x80, 0x80,
    0x00, 0x20, 0x00, 0x20, 0x02, 0x20, 0x03, 0x20, 0x07, 0x41, 0xb8, 0xfb,
    0xe3, 0x06, 0x20, 0x08, 0x10, 0x8d, 0x80, 0x80, 0x80, 0x00, 0x20, 0x04,
    0x41, 0x03, 0x48, 0x0d, 0x00, 0x41, 0xb8, 0xfb, 0xe3, 0x06, 0x10, 0x81,
    0x80, 0x80, 0x80, 0x00, 0x20, 0x00, 0x20, 0x07, 0x6a, 0x21, 0x0b, 0x20,
    0x00, 0x20, 0x05, 0x6a, 0x21, 0x09, 0x20, 0x08, 0x20, 0x0a, 0x6a, 0x41,
    0x16, 0x6a, 0x21, 0x00, 0x20, 0x07, 0x20, 0x08, 0x41, 0x01, 0x74, 0x6b,
    0x22, 0x07, 0x21, 0x02, 0x03, 0x40, 0x20, 0x02, 0x45, 0x0d, 0x01, 0x20,
    0x09, 0x20, 0x01, 0x20, 0x07, 0x6d, 0x22, 0x03, 0x41, 0x7f, 0x73, 0x6a,
    0x20, 0x00, 0x20, 0x08, 0x41, 0x01, 0x10, 0x82, 0x80, 0x80, 0x80, 0x00,
    0x20, 0x0b, 0x20, 0x03, 0x6a, 0x20, 0x00, 0x20, 0x08, 0x41, 0x01, 0x10,
    0x82, 0x80, 0x80, 0x80, 0x00, 0x20, 0x02, 0x41, 0x7f, 0x6a, 0x21, 0x02,
    0x20, 0x00, 0x41, 0x01, 0x6a, 0x21, 0x00, 0x20, 0x01, 0x20, 0x05, 0x6a,
    0x21, 0x01, 0x0c, 0x00, 0x0b, 0x0b, 0x0b, 0x09, 0x00, 0x10, 0x93, 0x80,
    0x80, 0x80, 0x00, 0x00, 0x0b, 0x09, 0x00, 0x10, 0x93, 0x80, 0x80, 0x80,
    0x00, 0x00, 0x0b, 0x10, 0x00, 0x41, 0x00, 0x20, 0x00, 0x41, 0x00, 0x47,
    0x36, 0x02, 0xdc, 0x93, 0x83, 0x80, 0x00, 0x0b, 0x04, 0x00, 0x41, 0x3d,
    0x0b, 0x03, 0x00, 0x00, 0x0b, 0x0b, 0xf1, 0x93, 0x01, 0x02, 0x00, 0x41,
    0x80, 0x80, 0x02, 0x0b, 0xdc, 0x93, 0x01, 0x20, 0x20, 0x20, 0x20, 0x23,
    0x23, 0x23, 0x23, 0x23, 0x20, 0x20, 0x20, 0x20, 0x20, 0x20, 0x20, 0x20,
    0x20, 0x20, 0x20, 0x0a, 0x20, 0x20, 0x20, 0x20, 0x23, 0x20, 0x20, 0x20,
    0x23, 0x20, 0x20, 0x20, 0x20, 0x20, 0x20, 0x20, 0x20, 0x20, 0x20, 0x20,
    0x0a, 0x20, 0x20, 0x20, 0x20, 0x23, 0x24, 0x20, 0x20, 0x23, 0x20, 0x20,
    0x20, 0x20, 0x20, 0x20, 0x20, 0x20, 0x20, 0x20, 0x20, 0x0a, 0x20, 0x20,
    0x23, 0x23, 0x23, 0x20, 0x20, 0x24, 0x23, 0x23, 0x20, 0x20, 0x20, 0x20,
    0x20, 0x20, 0x20, 0x20, 0x20, 0x20, 0x0a, 0x20, 0x20, 0x23, 0x20, 0x20,
    0x24, 0x20, 0x24, 0x20, 0x23, 0x20, 0x20, 0x20, 0x20, 0x20, 0x20, 0x20,
    0x20, 0x20, 0x20, 0x0a, 0x23, 0x23, 0x23, 0x20, 0x23, 0x20, 0x23, 0x23,
    0x20, 0x23, 0x20, 0x20, 0x20, 0x20, 0x23, 0x23, 0x23, 0x23, 0x23, 0x23,
    0x0a, 0x23, 0x20, 0x20, 0x20, 0x23, 0x20, 0x23, 0x23, 0x20, 0x23, 0x23,
    0x23, 0x23, 0x23, 0x23, 0x20, 0x20, 0x2e, 0x2e, 0x23, 0x0a, 0x23, 0x20,
    0x24, 0x20, 0x20, 0x24, 0x20, 0x20, 0x20, 0x20, 0x20, 0x20, 0x20, 0x20,
    0x20, 0x20, 0x20, 0x2e, 0x2e, 0x23, 0x0a, 0x23, 0x23, 0x23, 0x23, 0x23,
    0x20, 0x23, 0x23, 0x23, 0x20, 0x23, 0x40, 0x23, 0x23, 0x23, 0x20, 0x20,
    0x2e, 0x2e, 0x23, 0x0a, 0x20, 0x20, 0x20, 0x20, 0x23, 0x20, 0x20, 0x20,
    0x20, 0x20, 0x23, 0x23, 0x23, 0x20, 0x23, 0x23, 0x23, 0x23, 0x23, 0x23,
    0x0a, 0x20, 0x20, 0x20, 0x20, 0x23, 0x23, 0x23, 0x23, 0x23, 0x23, 0x23,
    0x20, 0x20, 0x20, 0x20, 0x20, 0x20, 0x20, 0x20, 0x20, 0x0a, 0x3b, 0x0a,
    0x20, 0x20, 0x20, 0x20, 0x23, 0x23, 0x23, 0x23, 0x23, 0x20, 0x20, 0x20,
    0x20, 0x20, 0x20, 0x20, 0x20, 0x20, 0x20, 0x20, 0x20, 0x20, 0x0a, 0x20,
    0x20, 0x20, 0x20, 0x23, 0x20, 0x20, 0x20, 0x23, 0x20, 0x20, 0x20, 0x20,
    0x20, 0x20, 0x20, 0x20, 0x20, 0x20, 0x20, 0x20, 0x20, 0x0a, 0x20, 0x20,
    0x20, 0x20, 0x23, 0x24, 0x20, 0x20, 0x23, 0x20, 0x20, 0x20, 0x20, 0x20,
    0x20, 0x20, 0x20, 0x20, 0x20, 0x20, 0x20, 0x20, 0x0a, 0x20, 0x20, 0x23,
    0x23, 0x23, 0x20, 0x20, 0x24, 0x23, 0x23, 0x23, 0x20, 0x20, 0x20, 0x20,
    0x20, 0x20, 0x20, 0x20, 0x20, 0x20, 0x20, 0x0a, 0x20, 0x20, 0x23, 0x20,
    0x20, 0x24, 0x20, 0x20, 0x24, 0x20, 0x23, 0x20, 0x20, 0x20, 0x20, 0x20,
    0x20, 0x20, 0x20, 0x20, 0x20, 0x20, 0x0a, 0x23, 0x23, 0x23, 0x20, 0x23,
    0x20, 0x23, 0x23, 0x23, 0x20, 0x23, 0x20, 0x20, 0x20, 0x20, 0x20, 0x23,
    0x23, 0x23, 0x23, 0x23, 0x23, 0x0a, 0x23, 0x20, 0x20, 0x20, 0x23, 0x20,
    0x23, 0x23, 0x23, 0x20, 0x23, 0x23, 0x23, 0x23, 0x23, 0x23, 0x23, 0x20,
    0x20, 0x2e, 0x2e, 0x23, 0x0a, 0x23, 0x20, 0x24, 0x20, 0x20, 0x24, 0x20,
    0x20, 0x20, 0x20, 0x20, 0x20, 0x20, 0x20, 0x20, 0x20, 0x20, 0x20, 0x20,
    0x2e, 0x2e, 0x23, 0x0a, 0x23, 0x23, 0x23, 0x23, 0x23, 0x20, 0x23, 0x23,
    0x23, 0x23, 0x20, 0x23, 0x40, 0x23, 0x23, 0x23, 0x23, 0x20, 0x20, 0x2e,
    0x2e, 0x23, 0x0a, 0x20, 0x20, 0x20, 0x20, 0x23, 0x20, 0x20, 0x20, 0x20,
    0x20, 0x20, 0x23, 0x23, 0x23, 0x20, 0x20, 0x23, 0x23, 0x23, 0x23, 0x23,
    0x23, 0x0a, 0x20, 0x20, 0x20, 0x20, 0x23, 0x23, 0x23, 0x23, 0x23, 0x23,
    0x23, 0x23, 0x20, 0x20, 0x20, 0x20, 0x20, 0x20, 0x20, 0x20, 0x20, 0x20,
    0x0a, 0x3b, 0x0a, 0x23, 0x23, 0x23, 0x23, 0x23, 0x23, 0x23, 0x23, 0x23,
    0x23, 0x23, 0x23, 0x20, 0x20, 0x0a, 0x23, 0x2e, 0x2e, 0x20, 0x20, 0x23,
    0x20, 0x20, 0x20, 0x20, 0x20, 0x23, 0x23, 0x23, 0x0a, 0x23, 0x2e, 0x2e,
    0x20, 0x20, 0x23, 0x20, 0x24, 0x20, 0x20, 0x24, 0x20, 0x20, 0x23, 0x0a,
    0x23, 0x2e, 0x2e, 0x20, 0x20, 0x23, 0x24, 0x23, 0x23, 0x23, 0x23, 0x20,
    0x20, 0x23, 0x0a, 0x23, 0x2e, 0x2e, 0x20, 0x20, 0x20, 0x20, 0x40, 0x20,
    0x23, 0x23, 0x20, 0x20, 0x23, 0x0a, 0x23, 0x2e, 0x2e, 0x20, 0x20, 0x23,
    0x20, 0x23, 0x20, 0x20, 0x24, 0x20, 0x23, 0x23, 0x0a, 0x23, 0x23, 0x23,
    0x23, 0x23, 0x23, 0x20, 0x23, 0x23, 0x24, 0x20, 0x24, 0x20, 0x23, 0x0a,
    0x20, 0x20, 0x23, 0x20, 0x24, 0x20, 0x20, 0x24, 0x20, 0x24, 0x20, 0x24,
    0x20, 0x23, 0x0a, 0x20, 0x20, 0x23, 0x20, 0x20, 0x20, 0x20, 0x23, 0x20,
    0x20, 0x20, 0x20, 0x20, 0x23, 0x0a, 0x20, 0x20, 0x23, 0x23, 0x23, 0x23,
    0x23, 0x23, 0x23, 0x23, 0x23, 0x23, 0x23, 0x23, 0x0a, 0x3b, 0x0a, 0x20,
    0x20, 0x20, 0x20, 0x20, 0x20, 0x20, 0x20, 0x23, 0x23, 0x23, 0x23, 0x23,
    0x23, 0x23, 0x23, 0x20, 0x0a, 0x20, 0x20, 0x20, 0x20, 0x20, 0x20, 0x20,
    0x20, 0x23, 0x20, 0x20, 0x20, 0x20, 0x20, 0x40, 0x23, 0x20, 0x0a, 0x20,
    0x20, 0x20, 0x20, 0x20, 0x20, 0x20, 0x20, 0x23, 0x20, 0x24, 0x23, 0x24,
    0x20, 0x23, 0x23, 0x20, 0x0a, 0x20, 0x20, 0x20, 0x20, 0x20, 0x20, 0x20,
    0x20, 0x23, 0x20, 0x24, 0x20, 0x20, 0x24, 0x23, 0x20, 0x20, 0x0a, 0x20,
    0x20, 0x20, 0x20, 0x20, 0x20, 0x20, 0x20, 0x23, 0x23, 0x24, 0x20, 0x24,
    0x20, 0x23, 0x20, 0x20, 0x0a, 0x23, 0x23, 0x23, 0x23, 0x23, 0x23, 0x23,
    0x23, 0x23, 0x20, 0x24, 0x20, 0x23, 0x20, 0x23, 0x23, 0x23, 0x0a, 0x23,
    0x2e, 0x2e, 0x2e, 0x2e, 0x20, 0x20, 0x23, 0x23, 0x20, 0x24, 0x20, 0x20,
    0x24, 0x20, 0x20, 0x23, 0x0a, 0x23, 0x23, 0x2e, 0x2e, 0x2e, 0x20, 0x20,
    0x20, 0x20, 0x24, 0x20, 0x20, 0x24, 0x20, 0x20, 0x20, 0x23, 0x0a, 0x23,
    0x2e, 0x2e, 0x2e, 0x2e, 0x20, 0x20, 0x23, 0x23, 0x23, 0x23, 0x23, 0x23,
    0x23, 0x23, 0x23, 0x23, 0x0a, 0x23, 0x23, 0x23, 0x23, 0x23, 0x23, 0x23,
    0x23, 0x20, 0x20, 0x20, 0x20, 0x20, 0x20, 0x20, 0x20, 0x20, 0x0a, 0x3b,
    0x0a, 0x20, 0x20, 0x20, 0x20, 0x20, 0x20, 0x20, 0x20, 0x20, 0x20, 0x20,
    0x20, 0x20, 0x20, 0x23, 0x23, 0x23, 0x23, 0x23, 0x23, 0x23, 0x23, 0x0a,
    0x20, 0x20, 0x20, 0x20, 0x20, 0x20, 0x20, 0x20, 0x20, 0x20, 0x20, 0x20,
    0x20, 0x20, 0x23, 0x20, 0x20, 0x2e, 0x2e, 0x2e, 0x2e, 0x23, 0x0a, 0x20,
    0x20, 0x20, 0x23, 0x23, 0x23, 0x23, 0x23, 0x23, 0x23, 0x23, 0x23, 0x23,
    0x23, 0x23, 0x20, 0x20, 0x2e, 0x2e, 0x2e, 0x2e, 0x23, 0x0a, 0x20, 0x20,
    0x20, 0x23, 0x20, 0x20, 0x20, 0x20, 0x23, 0x20, 0x20, 0x24, 0x20, 0x24,
    0x20, 0x20, 0x20, 0x2e, 0x2e, 0x2e, 0x2e, 0x23, 0x0a, 0x20, 0x20, 0x20,
    0x23, 0x20, 0x24, 0x24, 0x24, 0x23, 0x24, 0x20, 0x20, 0x24, 0x20, 0x23,
    0x20, 0x20, 0x2e, 0x2e, 0x2e, 0x2e, 0x23, 0x0a, 0x20, 0x20, 0x20, 0x23,
    0x20, 0x20, 0x24, 0x20, 0x20, 0x20, 0x20, 0x20, 0x24, 0x20, 0x23, 0x20,
    0x20, 0x2e, 0x2e, 0x2e, 0x2e, 0x23, 0x0a, 0x20, 0x20, 0x20, 0x23, 0x20,
    0x24, 0x24, 0x20, 0x23, 0x24, 0x20, 0x24, 0x20, 0x24, 0x23, 0x23, 0x23,
    0x23, 0x23, 0x23, 0x23, 0x23, 0x0a, 0x23, 0x23, 0x23, 0x23, 0x20, 0x20,
    0x24, 0x20, 0x23, 0x20, 0x20, 0x20, 0x20, 0x20, 0x23, 0x20, 0x20, 0x20,
    0x20, 0x20, 0x20, 0x20, 0x0a, 0x23, 0x20, 0x20, 0x20, 0x23, 0x20, 0x23,
    0x23, 0x23, 0x23, 0x23, 0x23, 0x23, 0x23, 0x23, 0x20, 0x20, 0x20, 0x20,
    0x20, 0x20, 0x20, 0x0a, 0x23, 0x20, 0x20, 0x20, 0x20, 0x24, 0x20, 0x20,
    0x23, 0x23, 0x20, 0x20, 0x20, 0x20, 0x20, 0x20, 0x20, 0x20, 0x20, 0x20,
    0x20, 0x20, 0x0a, 0x23, 0x20, 0x24, 0x24, 0x23, 0x24, 0x24, 0x20, 0x40,
    0x23, 0x20, 0x20, 0x20, 0x20, 0x20, 0x20, 0x20, 0x20, 0x20, 0x20, 0x20,
    0x20, 0x0a, 0x23, 0x20, 0x20, 0x20, 0x23, 0x20, 0x20, 0x20, 0x23, 0x23,
    0x20, 0x20, 0x20, 0x20, 0x20, 0x20, 0x20, 0x20, 0x20, 0x20, 0x20, 0x20,
    0x0a, 0x23, 0x23, 0x23, 0x23, 0x23, 0x23, 0x23, 0x23, 0x23, 0x20, 0x20,
    0x20, 0x20, 0x20, 0x20, 0x20, 0x20, 0x20, 0x20, 0x20, 0x20, 0x20, 0x0a,
    0x3b, 0x0a, 0x20, 0x20, 0x20, 0x20, 0x20, 0x20, 0x20, 0x20, 0x23, 0x23,
    0x23, 0x23, 0x23, 0x20, 0x20, 0x20, 0x20, 0x0a, 0x20, 0x20, 0x20, 0x20,
    0x20, 0x20, 0x20, 0x20, 0x23, 0x20, 0x20, 0x20, 0x23, 0x23, 0x23, 0x23,
    0x23, 0x0a, 0x20, 0x20, 0x20, 0x20, 0x20, 0x20, 0x20, 0x20, 0x23, 0x20,
    0x23, 0x24, 0x23, 0x23, 0x20, 0x20, 0x23, 0x0a, 0x20, 0x20, 0x20, 0x20,
    0x20, 0x20, 0x20, 0x20, 0x23, 0x20, 0x20, 0x20, 0x20, 0x20, 0x24, 0x20,
    0x23, 0x0a, 0x23, 0x23, 0x23, 0x23, 0x23, 0x23, 0x23, 0x23, 0x23, 0x20,
    0x23, 0x23, 0x23, 0x20, 0x20, 0x20, 0x23, 0x0a, 0x23, 0x2e, 0x2e, 0x2e,
    0x2e, 0x20, 0x20, 0x23, 0x23, 0x20, 0x24, 0x20, 0x20, 0x24, 0x23, 0x23,
    0x23, 0x0a, 0x23, 0x2e, 0x2e, 0x2e, 0x2e, 0x20, 0x20, 0x20, 0x20, 0x24,
    0x20, 0x24, 0x24, 0x20, 0x23, 0x23, 0x20, 0x0a, 0x23, 0x2e, 0x2e, 0x2e,
    0x2e, 0x20, 0x20, 0x23, 0x23, 0x24, 0x20, 0x20, 0x24, 0x20, 0x40, 0x23,
    0x20, 0x0a, 0x23, 0x23, 0x23, 0x23, 0x23, 0x23, 0x23, 0x23, 0x23, 0x20,
    0x20, 0x24, 0x20, 0x20, 0x23, 0x23, 0x20, 0x0a, 0x20, 0x20, 0x20, 0x20,
    0x20, 0x20, 0x20, 0x20, 0x23, 0x20, 0x24, 0x20, 0x24, 0x20, 0x20, 0x23,
    0x20, 0x0a, 0x20, 0x20, 0x20, 0x20, 0x20, 0x20, 0x20, 0x20, 0x23, 0x23,
    0x23, 0x20, 0x23, 0x23, 0x20, 0x23, 0x20, 0x0a, 0x20, 0x20, 0x20, 0x20,
    0x20, 0x20, 0x20, 0x20, 0x20, 0x20, 0x23, 0x20, 0x20, 0x20, 0x20, 0x23,
    0x20, 0x0a, 0x20, 0x20, 0x20, 0x20, 0x20, 0x20, 0x20, 0x20, 0x20, 0x20,
    0x23, 0x23, 0x23, 0x23, 0x23, 0x23, 0x20, 0x0a, 0x3b, 0x0a, 0x23, 0x23,
    0x23, 0x23, 0x23, 0x23, 0x20, 0x20, 0x23, 0x23, 0x23, 0x20, 0x0a, 0x23,
    0x2e, 0x2e, 0x20, 0x20, 0x23, 0x20, 0x23, 0x23, 0x40, 0x23, 0x23, 0x0a,
    0x23, 0x2e, 0x2e, 0x20, 0x20, 0x23, 0x23, 0x23, 0x20, 0x20, 0x20, 0x23,
    0x0a, 0x23, 0x2e, 0x2e, 0x20, 0x20, 0x20, 0x20, 0x20, 0x24, 0x24, 0x20,
    0x23, 0x0a, 0x23, 0x2e, 0x2e, 0x20, 0x20, 0x23, 0x20, 0x23, 0x20, 0x24,
    0x20, 0x23, 0x0a, 0x23, 0x2e, 0x2e, 0x23, 0x23, 0x23, 0x20, 0x23, 0x20,
    0x24, 0x20, 0x23, 0x0a, 0x23, 0x23, 0x23, 0x23, 0x20, 0x24, 0x20, 0x23,
    0x24, 0x20, 0x20, 0x23, 0x0a, 0x20, 0x20, 0x20, 0x23, 0x20, 0x20, 0x24,
    0x23, 0x20, 0x24, 0x20, 0x23, 0x0a, 0x20, 0x20, 0x20, 0x23, 0x20, 0x24,
    0x20, 0x20, 0x24, 0x20, 0x20, 0x23, 0x0a, 0x20, 0x20, 0x20, 0x23, 0x20,
    0x20, 0x23, 0x23, 0x20, 0x20, 0x20, 0x23, 0x0a, 0x20, 0x20, 0x20, 0x23,
    0x23, 0x23, 0x23, 0x23, 0x23, 0x23, 0x23, 0x23, 0x0a, 0x3b, 0x0a, 0x20,
    0x20, 0x20, 0x20, 0x20, 0x20, 0x20, 0x23, 0x23, 0x23, 0x23, 0x23, 0x20,
    0x0a, 0x20, 0x23, 0x23, 0x23, 0x23, 0x23, 0x23, 0x23, 0x20, 0x20, 0x20,
    0x23, 0x23, 0x0a, 0x23, 0x23, 0x20, 0x23, 0x20, 0x40, 0x23, 0x23, 0x20,
    0x24, 0x24, 0x20, 0x23, 0x0a, 0x23, 0x20, 0x20, 0x20, 0x20, 0x24, 0x20,
    0x20, 0x20, 0x20, 0x20, 0x20, 0x23, 0x0a, 0x23, 0x20, 0x20, 0x24, 0x20,
    0x20, 0x23, 0x23, 0x23, 0x20, 0x20, 0x20, 0x23, 0x0a, 0x23, 0x23, 0x23,
    0x20, 0x23, 0x23, 0x23, 0x23, 0x23, 0x24, 0x23, 0x23, 0x23, 0x0a, 0x23,
    0x20, 0x24, 0x20, 0x20, 0x23, 0x23, 0x23, 0x20, 0x2e, 0x2e, 0x23, 0x20,
    0x0a, 0x23, 0x20, 0x24, 0x20, 0x24, 0x20, 0x24, 0x20, 0x2e, 0x2e, 0x2e,
    0x23, 0x20, 0x0a, 0x23, 0x20, 0x20, 0x20, 0x20, 0x23, 0x23, 0x23, 0x2e,
    0x2e, 0x2e, 0x23, 0x20, 0x0a, 0x23, 0x20, 0x24, 0x24, 0x20, 0x23, 0x20,
    0x23, 0x2e, 0x2e, 0x2e, 0x23, 0x20, 0x0a, 0x23, 0x20, 0x20, 0x23, 0x23,
    0x23, 0x20, 0x23, 0x23, 0x23, 0x23, 0x23, 0x20, 0x0a, 0x23, 0x23, 0x23,
    0x23, 0x20, 0x20, 0x20, 0x20, 0x20, 0x20, 0x20, 0x20, 0x20, 0x0a, 0x3b,
    0x0a, 0x20, 0x20, 0x23, 0x23, 0x23, 0x23, 0x20, 0x20, 0x20, 0x20, 0x20,
    0x20, 0x20, 0x20, 0x20, 0x20, 0x0a, 0x20, 0x20, 0x23, 0x20, 0x20, 0x23,
    0x23, 0x23, 0x23, 0x23, 0x23, 0x23, 0x23, 0x23, 0x23, 0x23, 0x0a, 0x20,
    0x20, 0x23, 0x20, 0x20, 0x20, 0x20, 0x24, 0x20, 0x20, 0x20, 0x24, 0x20,
    0x24, 0x20, 0x23, 0x0a, 0x20, 0x20, 0x23, 0x20, 0x24, 0x23, 0x20, 0x24,
    0x20, 0x23, 0x20, 0x20, 0x24, 0x20, 0x20, 0x23, 0x0a, 0x20, 0x20, 0x23,
    0x20, 0x20, 0x24, 0x20, 0x24, 0x20, 0x20, 0x23, 0x20, 0x20, 0x20, 0x20,
    0x23, 0x0a, 0x23, 0x23, 0x23, 0x20, 0x24, 0x23, 0x20, 0x23, 0x20, 0x20,
    0x23, 0x23, 0x23, 0x23, 0x20, 0x23, 0x0a, 0x23, 0x40, 0x23, 0x24, 0x20,
    0x24, 0x20, 0x24, 0x20, 0x20, 0x23, 0x23, 0x20, 0x20, 0x20, 0x23, 0x0a,
    0x23, 0x20, 0x20, 0x20, 0x20, 0x24, 0x20, 0x23, 0x24, 0x23, 0x20, 0x20,
    0x20, 0x23, 0x20, 0x23, 0x0a, 0x23, 0x23, 0x20, 0x20, 0x24, 0x20, 0x20,
    0x20, 0x20, 0x24, 0x20, 0x24, 0x20, 0x24, 0x20, 0x23, 0x0a, 0x20, 0x23,
    0x23, 0x23, 0x23, 0x20, 0x20, 0x23, 0x23, 0x23, 0x23, 0x23, 0x23, 0x23,
    0x23, 0x23, 0x0a, 0x20, 0x20, 0x23, 0x23, 0x23, 0x20, 0x20, 0x23, 0x23,
    0x23, 0x20, 0x20, 0x20, 0x20, 0x20, 0x20, 0x0a, 0x20, 0x20, 0x23, 0x20,
    0x20, 0x20, 0x20, 0x20, 0x20, 0x23, 0x20, 0x20, 0x20, 0x20, 0x20, 0x20,
    0x0a, 0x20, 0x20, 0x23, 0x20, 0x20, 0x20, 0x20, 0x20, 0x20, 0x23, 0x20,
    0x20, 0x20, 0x20, 0x20, 0x20, 0x0a, 0x20, 0x20, 0x23, 0x2e, 0x2e, 0x2e,
    0x2e, 0x2e, 0x2e, 0x23, 0x20, 0x20, 0x20, 0x20, 0x20, 0x20, 0x0a, 0x20,
    0x20, 0x23, 0x2e, 0x2e, 0x2e, 0x2e, 0x2e, 0x2e, 0x23, 0x20, 0x20, 0x20,
    0x20, 0x20, 0x20, 0x0a, 0x20, 0x20, 0x23, 0x2e, 0x2e, 0x2e, 0x2e, 0x2e,
    0x2e, 0x23, 0x20, 0x20, 0x20, 0x20, 0x20, 0x20, 0x0a, 0x20, 0x20, 0x23,
    0x23, 0x23, 0x23, 0x23, 0x23, 0x23, 0x23, 0x20, 0x20, 0x20, 0x20, 0x20,
    0x20, 0x0a, 0x3b, 0x0a, 0x20, 0x20, 0x20, 0x20, 0x20, 0x20, 0x20, 0x20,
    0x20, 0x20, 0x23, 0x23, 0x23, 0x23, 0x23, 0x23, 0x23, 0x0a, 0x20, 0x20,
    0x20, 0x20, 0x20, 0x20, 0x20, 0x20, 0x20, 0x20, 0x23, 0x20, 0x20, 0x2e,
    0x2e, 0x2e, 0x23, 0x0a, 0x20, 0x20, 0x20, 0x20, 0x20, 0x20, 0x23, 0x23,
    0x23, 0x23, 0x23, 0x20, 0x20, 0x2e, 0x2e, 0x2e, 0x23, 0x0a, 0x20, 0x20,
    0x20, 0x20, 0x20, 0x20, 0x23, 0x20, 0x20, 0x20, 0x20, 0x20, 0x20, 0x2e,
    0x2e, 0x2e, 0x23, 0x0a, 0x20, 0x20, 0x20, 0x20, 0x20, 0x20, 0x23, 0x20,
    0x20, 0x23, 0x23, 0x20, 0x20, 0x2e, 0x2e, 0x2e, 0x23, 0x0a, 0x20, 0x20,
    0x20, 0x20, 0x20, 0x20, 0x23, 0x23, 0x20, 0x23, 0x23, 0x20, 0x20, 0x2e,
    0x2e, 0x2e, 0x23, 0x0a, 0x20, 0x20, 0x20, 0x20, 0x20, 0x23, 0x23, 0x23,
    0x20, 0x23, 0x23, 0x23, 0x23, 0x23, 0x23, 0x23, 0x23, 0x0a, 0x20, 0x20,
    0x20, 0x20, 0x20, 0x23, 0x20, 0x24, 0x24, 0x24, 0x20, 0x23, 0x23, 0x20,
    0x20, 0x20, 0x20, 0x0a, 0x20, 0x23, 0x23, 0x23, 0x23, 0x23, 0x20, 0x20,
    0x24, 0x20, 0x24, 0x20, 0x23, 0x23, 0x23, 0x23, 0x23, 0x0a, 0x23, 0x23,
    0x20, 0x20, 0x20, 0x23, 0x24, 0x20, 0x24, 0x20, 0x20, 0x20, 0x23, 0x20,
    0x20, 0x20, 0x23, 0x0a, 0x23, 0x40, 0x20, 0x24, 0x20, 0x20, 0x24, 0x20,
    0x20, 0x20, 0x20, 0x24, 0x20, 0x20, 0x24, 0x20, 0x23, 0x0a, 0x23, 0x23,
    0x23, 0x23, 0x23, 0x23, 0x20, 0x24, 0x24, 0x20, 0x24, 0x20, 0x23, 0x23,
    0x23, 0x23, 0x23, 0x0a, 0x20, 0x20, 0x20, 0x20, 0x20, 0x23, 0x20, 0x24,
    0x20, 0x20, 0x20, 0x20, 0x23, 0x20, 0x20, 0x20, 0x20, 0x0a, 0x20, 0x20,
    0x20, 0x20, 0x20, 0x23, 0x23, 0x23, 0x23, 0x20, 0x23, 0x23, 0x23, 0x20,
    0x20, 0x20, 0x20, 0x0a, 0x20, 0x20, 0x20, 0x20, 0x20, 0x20, 0x20, 0x20,
    0x23, 0x20, 0x20, 0x23, 0x20, 0x20, 0x20, 0x20, 0x20, 0x0a, 0x20, 0x20,
    0x20, 0x20, 0x20, 0x20, 0x20, 0x20, 0x23, 0x20, 0x20, 0x23, 0x20, 0x20,
    0x20, 0x20, 0x20, 0x0a, 0x20, 0x20, 0x20, 0x20, 0x20, 0x20, 0x20, 0x20,
    0x23, 0x20, 0x20, 0x23, 0x20, 0x20, 0x20, 0x20, 0x20, 0x0a, 0x20, 0x20,
    0x20, 0x20, 0x20, 0x20, 0x20, 0x20, 0x23, 0x23, 0x23, 0x23, 0x20, 0x20,
    0x20, 0x20, 0x20, 0x0a, 0x3b, 0x0a, 0x20, 0x20, 0x20, 0x20, 0x20, 0x20,
    0x20, 0x20, 0x20, 0x20, 0x20, 0x20, 0x20, 0x20, 0x23, 0x23, 0x23, 0x23,
    0x20, 0x20, 0x20, 0x0a, 0x20, 0x20, 0x20, 0x20, 0x20, 0x20, 0x20, 0x20,
    0x20, 0x23, 0x23, 0x23, 0x23, 0x23, 0x23, 0x20, 0x20, 0x23, 0x20, 0x20,
    0x20, 0x0a, 0x20, 0x20, 0x20, 0x20, 0x20, 0x20, 0x20, 0x20, 0x20, 0x23,
    0x20, 0x20, 0x20, 0x20, 0x20, 0x20, 0x20, 0x23, 0x20, 0x20, 0x20, 0x0a,
    0x20, 0x20, 0x20, 0x20, 0x20, 0x20, 0x20, 0x20, 0x20, 0x23, 0x20, 0x20,
    0x23, 0x23, 0x23, 0x23, 0x20, 0x23, 0x23, 0x23, 0x20, 0x0a, 0x20, 0x23,
    0x23, 0x23, 0x20, 0x20, 0x23, 0x23, 0x23, 0x23, 0x23, 0x20, 0x23, 0x23,
    0x23, 0x20, 0x20, 0x20, 0x20, 0x23, 0x20, 0x0a, 0x23, 0x23, 0x40, 0x23,
    0x23, 0x23, 0x23, 0x20, 0x20, 0x20, 0x24, 0x24, 0x24, 0x20, 0x23, 0x20,
    0x20, 0x20, 0x20, 0x23, 0x20, 0x0a, 0x23, 0x20, 0x24, 0x24, 0x20, 0x20,
    0x20, 0x24, 0x24, 0x20, 0x24, 0x20, 0x20, 0x20, 0x23, 0x2e, 0x2e, 0x2e,
    0x2e, 0x23, 0x23, 0x0a, 0x23, 0x20, 0x20, 0x24, 0x24, 0x24, 0x23, 0x20,
    0x20, 0x20, 0x20, 0x24, 0x20, 0x20, 0x23, 0x2e, 0x2e, 0x2e, 0x2e, 0x2e,
    0x23, 0x0a, 0x23, 0x20, 0x24, 0x20, 0x20, 0x20, 0x23, 0x20, 0x24, 0x24,
    0x20, 0x24, 0x24, 0x20, 0x23, 0x2e, 0x2e, 0x2e, 0x2e, 0x2e, 0x23, 0x0a,
    0x23, 0x23, 0x23, 0x20, 0x20, 0x20, 0x23, 0x20, 0x20, 0x24, 0x20, 0x20,
    0x20, 0x20, 0x23, 0x2e, 0x2e, 0x2e, 0x2e, 0x2e, 0x23, 0x0a, 0x20, 0x20,
    0x23, 0x20, 0x20, 0x20, 0x23, 0x20, 0x24, 0x20, 0x24, 0x20, 0x24, 0x20,
    0x23, 0x2e, 0x2e, 0x2e, 0x2e, 0x2e, 0x23, 0x0a, 0x20, 0x20, 0x23, 0x20,
    0x23, 0x23, 0x23, 0x23, 0x23, 0x23, 0x23, 0x20, 0x23, 0x23, 0x23, 0x2e,
    0x2e, 0x2e, 0x2e, 0x2e, 0x23, 0x0a, 0x20, 0x20, 0x23, 0x20, 0x20, 0x20,
    0x23, 0x20, 0x20, 0x24, 0x20, 0x24, 0x20, 0x20, 0x23, 0x2e, 0x2e, 0x2e,
    0x2e, 0x2e, 0x23, 0x0a, 0x20, 0x20, 0x23, 0x23, 0x23, 0x20, 0x23, 0x20,
    0x24, 0x24, 0x20, 0x24, 0x20, 0x24, 0x23, 0x23, 0x23, 0x23, 0x23, 0x23,
    0x23, 0x0a, 0x20, 0x20, 0x20, 0x20, 0x23, 0x20, 0x23, 0x20, 0x20, 0x24,
    0x20, 0x20, 0x20, 0x20, 0x20, 0x20, 0x23, 0x20, 0x20, 0x20, 0x20, 0x0a,
    0x20, 0x20, 0x20, 0x20, 0x23, 0x20, 0x23, 0x20, 0x24, 0x24, 0x24, 0x20,
    0x24, 0x24, 0x24, 0x20, 0x23, 0x20, 0x20, 0x20, 0x20, 0x0a, 0x20, 0x20,
    0x20, 0x20, 0x23, 0x20, 0x23, 0x20, 0x20, 0x20, 0x20, 0x20, 0x20, 0x20,
    0x23, 0x20, 0x23, 0x20, 0x20, 0x20, 0x20, 0x0a, 0x20, 0x20, 0x20, 0x20,
    0x23, 0x20, 0x23, 0x23, 0x23, 0x23, 0x23, 0x23, 0x23, 0x23, 0x23, 0x20,
    0x23, 0x20, 0x20, 0x20, 0x20, 0x0a, 0x20, 0x20, 0x20, 0x20, 0x23, 0x20,
    0x20, 0x20, 0x20, 0x20, 0x20, 0x20, 0x20, 0x20, 0x20, 0x20, 0x23, 0x20,
    0x20, 0x20, 0x20, 0x0a, 0x20, 0x20, 0x20, 0x20, 0x23, 0x23, 0x23, 0x23,
    0x23, 0x23, 0x23, 0x23, 0x23, 0x23, 0x23, 0x23, 0x23, 0x20, 0x20, 0x20,
    0x20, 0x0a, 0x3b, 0x0a, 0x20, 0x20, 0x20, 0x20, 0x20, 0x20, 0x20, 0x20,
    0x20, 0x20, 0x23, 0x23, 0x23, 0x23, 0x20, 0x20, 0x20, 0x20, 0x20, 0x0a,
    0x20, 0x20, 0x20, 0x20, 0x20, 0x23, 0x23, 0x23, 0x23, 0x20, 0x23, 0x20,
    0x20, 0x23, 0x20, 0x20, 0x20, 0x20, 0x20, 0x0a, 0x20, 0x20, 0x20, 0x23,
    0x23, 0x23, 0x20, 0x20, 0x23, 0x23, 0x23, 0x24, 0x20, 0x23, 0x20, 0x20,
    0x20, 0x20, 0x20, 0x0a, 0x20, 0x20, 0x23, 0x23, 0x20, 0x20, 0x20, 0x40,
    0x20, 0x20, 0x24, 0x20, 0x20, 0x23, 0x20, 0x20, 0x20, 0x20, 0x20, 0x0a,
    0x20, 0x23, 0x23, 0x20, 0x20, 0x24, 0x20, 0x24, 0x24, 0x23, 0x23, 0x20,
    0x23, 0x23, 0x20, 0x20, 0x20, 0x20, 0x20, 0x0a, 0x20, 0x23, 0x20, 0x20,
    0x23, 0x24, 0x23, 0x23, 0x20, 0x20, 0x20, 0x20, 0x20, 0x23, 0x20, 0x20,
    0x20, 0x20, 0x20, 0x0a, 0x20, 0x23, 0x20, 0x23, 0x20, 0x24, 0x20, 0x24,
    0x24, 0x20, 0x23, 0x20, 0x23, 0x23, 0x23, 0x20, 0x20, 0x20, 0x20, 0x0a,
    0x20, 0x23, 0x20, 0x20, 0x20, 0x24, 0x20, 0x23, 0x20, 0x20, 0x23, 0x20,
    0x24, 0x20, 0x23, 0x23, 0x23, 0x23, 0x23, 0x0a, 0x23, 0x23, 0x23, 0x23,
    0x20, 0x20, 0x20, 0x20, 0x23, 0x20, 0x20, 0x24, 0x24, 0x20, 0x23, 0x20,
    0x20, 0x20, 0x23, 0x0a, 0x23, 0x23, 0x23, 0x23, 0x20, 0x23, 0x23, 0x20,
    0x24, 0x20, 0x20, 0x20, 0x20, 0x20, 0x20, 0x20, 0x20, 0x20, 0x23, 0x0a,
    0x23, 0x2e, 0x20, 0x20, 0x20, 0x20, 0x23, 0x23, 0x23, 0x20, 0x20, 0x23,
    0x23, 0x23, 0x23, 0x23, 0x23, 0x23, 0x23, 0x0a, 0x23, 0x2e, 0x2e, 0x20,
    0x2e, 0x2e, 0x23, 0x20, 0x23, 0x23, 0x23, 0x23, 0x20, 0x20, 0x20, 0x20,
    0x20, 0x20, 0x20, 0x0a, 0x23, 0x2e, 0x2e, 0x2e, 0x23, 0x2e, 0x23, 0x20,
    0x20, 0x20, 0x20, 0x20, 0x20, 0x20, 0x20, 0x20, 0x20, 0x20, 0x20, 0x0a,
    0x23, 0x2e, 0x2e, 0x2e, 0x2e, 0x2e, 0x23, 0x20, 0x20, 0x20, 0x20, 0x20,
    0x20, 0x20, 0x20, 0x20, 0x20, 0x20, 0x20, 0x0a, 0x23, 0x23, 0x23, 0x23,
    0x23, 0x23, 0x23, 0x20, 0x20, 0x20, 0x20, 0x20, 0x20, 0x20, 0x20, 0x20,
    0x20, 0x20, 0x20, 0x0a, 0x3b, 0x0a, 0x20, 0x20, 0x23, 0x23, 0x23, 0x23,
    0x23, 0x23, 0x23, 0x23, 0x23, 0x20, 0x20, 0x0a, 0x20, 0x20, 0x23, 0x20,
    0x2e, 0x20, 0x23, 0x20, 0x2e, 0x20, 0x23, 0x20, 0x20, 0x0a, 0x20, 0x20,
    0x23, 0x2e, 0x20, 0x2e, 0x20, 0x2e, 0x20, 0x2e, 0x23, 0x20, 0x20, 0x0a,
    0x20, 0x20, 0x23, 0x20, 0x2e, 0x20, 0x2e, 0x20, 0x2e, 0x20, 0x23, 0x20,
    0x20, 0x0a, 0x20, 0x20, 0x23, 0x2e, 0x20, 0x2e, 0x20, 0x2e, 0x20, 0x2e,
    0x23, 0x20, 0x20, 0x0a, 0x20, 0x20, 0x23, 0x20, 0x2e, 0x20, 0x2e, 0x20,
    0x2e, 0x20, 0x23, 0x20, 0x20, 0x0a, 0x20, 0x20, 0x23, 0x23, 0x23, 0x20,
    0x20, 0x20, 0x23, 0x23, 0x23, 0x20, 0x20, 0x0a, 0x20, 0x20, 0x20, 0x20,
    0x23, 0x20, 0x20, 0x20, 0x23, 0x20, 0x20, 0x20, 0x20, 0x0a, 0x23, 0x23,
    0x23, 0x23, 0x23, 0x23, 0x20, 0x23, 0x23, 0x23, 0x23, 0x23, 0x23, 0x0a,
    0x23, 0x20, 0x20, 0x20, 0x20, 0x20, 0x20, 0x20, 0x20, 0x20, 0x20, 0x20,
    0x23, 0x0a, 0x23, 0x20, 0x24, 0x20, 0x24, 0x20, 0x24, 0x20, 0x24, 0x20,
    0x24, 0x20, 0x23, 0x0a, 0x23, 0x23, 0x20, 0x24, 0x20, 0x24, 0x20, 0x24,
    0x20, 0x24, 0x20, 0x23, 0x23, 0x0a, 0x20, 0x23, 0x24, 0x20, 0x24, 0x20,
    0x24, 0x20, 0x24, 0x20, 0x24, 0x23, 0x20, 0x0a, 0x20, 0x23, 0x20, 0x20,
    0x20, 0x24, 0x40, 0x24, 0x20, 0x20, 0x20, 0x23, 0x20, 0x0a, 0x20, 0x23,
    0x20, 0x20, 0x23, 0x23, 0x23, 0x23, 0x23, 0x20, 0x20, 0x23, 0x20, 0x0a,
    0x20, 0x23, 0x23, 0x23, 0x23, 0x20, 0x20, 0x20, 0x23, 0x23, 0x23, 0x23,
    0x20, 0x0a, 0x3b, 0x0a, 0x20, 0x20, 0x20, 0x20, 0x23, 0x23, 0x23, 0x23,
    0x23, 0x23, 0x23, 0x23, 0x23, 0x20, 0x20, 0x20, 0x20, 0x20, 0x20, 0x20,
    0x0a, 0x20, 0x20, 0x23, 0x23, 0x23, 0x20, 0x20, 0x20, 0x23, 0x23, 0x20,
    0x20, 0x23, 0x23, 0x23, 0x23, 0x23, 0x20, 0x20, 0x20, 0x0a, 0x23, 0x23,
    0x23, 0x20, 0x20, 0x20, 0x20, 0x20, 0x20, 0x23, 0x20, 0x20, 0x23, 0x20,
    0x20, 0x20, 0x23, 0x23, 0x23, 0x23, 0x0a, 0x23, 0x20, 0x20, 0x24, 0x24,
    0x20, 0x23, 0x24, 0x20, 0x23, 0x20, 0x20, 0x23, 0x20, 0x20, 0x2e, 0x2e,
    0x2e, 0x20, 0x23, 0x0a, 0x23, 0x20, 0x23, 0x20, 0x20, 0x24, 0x23, 0x40,
    0x24, 0x23, 0x23, 0x20, 0x23, 0x20, 0x23, 0x2e, 0x23, 0x2e, 0x20, 0x23,
    0x0a, 0x23, 0x20, 0x20, 0x23, 0x23, 0x20, 0x23, 0x24, 0x20, 0x20, 0x23,
    0x20, 0x20, 0x20, 0x20, 0x2e, 0x2e, 0x2e, 0x20, 0x23, 0x0a, 0x23, 0x20,
    0x24, 0x23, 0x20, 0x20, 0x20, 0x20, 0x24, 0x20, 0x23, 0x20, 0x23, 0x20,
    0x23, 0x2e, 0x23, 0x2e, 0x20, 0x23, 0x0a, 0x23, 0x20, 0x20, 0x20, 0x20,
    0x23, 0x23, 0x20, 0x20, 0x23, 0x23, 0x24, 0x20, 0x24, 0x20, 0x2e, 0x2e,
    0x2e, 0x20, 0x23, 0x0a, 0x23, 0x20, 0x24, 0x20, 0x23, 0x23, 0x20, 0x20,
    0x20, 0x23, 0x20, 0x20, 0x23, 0x24, 0x23, 0x2e, 0x23, 0x2e, 0x20, 0x23,
    0x0a, 0x23, 0x23, 0x20, 0x24, 0x24, 0x20, 0x20, 0x24, 0x20, 0x20, 0x20,
    0x24, 0x20, 0x20, 0x24, 0x2e, 0x2e, 0x2e, 0x20, 0x23, 0x0a, 0x20, 0x23,
    0x24, 0x20, 0x20, 0x23, 0x23, 0x23, 0x23, 0x23, 0x23, 0x20, 0x20, 0x20,
    0x20, 0x23, 0x23, 0x20, 0x20, 0x23, 0x0a, 0x20, 0x23, 0x20, 0x20, 0x20,
    0x23, 0x20, 0x20, 0x20, 0x20, 0x23, 0x23, 0x23, 0x23, 0x23, 0x23, 0x23,
    0x23, 0x23, 0x23, 0x0a, 0x20, 0x23, 0x23, 0x23, 0x23, 0x23, 0x20, 0x20,
    0x20, 0x20, 0x20, 0x20, 0x20, 0x20, 0x20, 0x20, 0x20, 0x20, 0x20, 0x20,
    0x0a, 0x3b, 0x0a, 0x23, 0x23, 0x23, 0x23, 0x23, 0x23, 0x23, 0x23, 0x23,
    0x23, 0x23, 0x23, 0x23, 0x23, 0x23, 0x23, 0x20, 0x0a, 0x23, 0x20, 0x20,
    0x20, 0x20, 0x20, 0x20, 0x20, 0x20, 0x20, 0x20, 0x20, 0x20, 0x20, 0x20,
    0x23, 0x20, 0x0a, 0x23, 0x20, 0x23, 0x20, 0x23, 0x23, 0x23, 0x23, 0x23,
    0x23, 0x20, 0x20, 0x20, 0x20, 0x20, 0x23, 0x20, 0x0a, 0x23, 0x20, 0x23,
    0x20, 0x20, 0x24, 0x20, 0x24, 0x20, 0x24, 0x20, 0x24, 0x23, 0x20, 0x20,
    0x23, 0x20, 0x0a, 0x23, 0x20, 0x23, 0x20, 0x20, 0x20, 0x24, 0x40, 0x24,
    0x20, 0x20, 0x20, 0x23, 0x23, 0x20, 0x23, 0x23, 0x0a, 0x23, 0x20, 0x23,
    0x20, 0x23, 0x24, 0x20, 0x24, 0x20, 0x24, 0x23, 0x23, 0x23, 0x2e, 0x2e,
    0x2e, 0x23, 0x0a, 0x23, 0x20, 0x23, 0x20, 0x20, 0x20, 0x24, 0x20, 0x24,
    0x20, 0x20, 0x23, 0x23, 0x2e, 0x2e, 0x2e, 0x23, 0x0a, 0x23, 0x20, 0x23,
    0x23, 0x23, 0x24, 0x24, 0x24, 0x20, 0x24, 0x20, 0x23, 0x23, 0x2e, 0x2e,
    0x2e, 0x23, 0x0a, 0x23, 0x20, 0x20, 0x20, 0x20, 0x20, 0x23, 0x20, 0x23,
    0x23, 0x20, 0x23, 0x23, 0x2e, 0x2e, 0x2e, 0x23, 0x0a, 0x23, 0x23, 0x23,
    0x23, 0x23, 0x20, 0x20, 0x20, 0x23, 0x23, 0x20, 0x23, 0x23, 0x2e, 0x2e,
    0x2e, 0x23, 0x0a, 0x20, 0x20, 0x20, 0x20, 0x23, 0x23, 0x23, 0x23, 0x23,
    0x20, 0x20, 0x20, 0x20, 0x20, 0x23, 0x23, 0x23, 0x0a, 0x20, 0x20, 0x20,
    0x20, 0x20, 0x20, 0x20, 0x20, 0x23, 0x20, 0x20, 0x20, 0x20, 0x20, 0x23,
    0x20, 0x20, 0x0a, 0x20, 0x20, 0x20, 0x20, 0x20, 0x20, 0x20, 0x20, 0x23,
    0x23, 0x23, 0x23, 0x23, 0x23, 0x23, 0x20, 0x20, 0x0a, 0x3b, 0x0a, 0x20,
    0x20, 0x20, 0x20, 0x20, 0x20, 0x20, 0x23, 0x23, 0x23, 0x23, 0x20, 0x20,
    0x20, 0x20, 0x20, 0x20, 0x0a, 0x20, 0x20, 0x20, 0x20, 0x23, 0x23, 0x23,
    0x23, 0x20, 0x20, 0x23, 0x20, 0x20, 0x20, 0x20, 0x20, 0x20, 0x0a, 0x20,
    0x20, 0x20, 0x23, 0x23, 0x20, 0x20, 0x23, 0x20, 0x20, 0x23, 0x20, 0x20,
    0x20, 0x20, 0x20, 0x20, 0x0a, 0x20, 0x20, 0x20, 0x23, 0x20, 0x20, 0x24,
    0x20, 0x24, 0x20, 0x23, 0x20, 0x20, 0x20, 0x20, 0x20, 0x20, 0x0a, 0x20,
    0x23, 0x23, 0x23, 0x20, 0x23, 0x24, 0x20, 0x20, 0x20, 0x23, 0x23, 0x23,
    0x23, 0x20, 0x20, 0x20, 0x0a, 0x20, 0x23, 0x20, 0x20, 0x24, 0x20, 0x20,
    0x23, 0x23, 0x24, 0x20, 0x20, 0x20, 0x23, 0x20, 0x20, 0x20, 0x0a, 0x20,
    0x23, 0x20, 0x20, 0x23, 0x20, 0x40, 0x20, 0x24, 0x20, 0x23, 0x20, 0x24,
    0x23, 0x20, 0x20, 0x20, 0x0a, 0x20, 0x23, 0x20, 0x20, 0x23, 0x20, 0x20,
    0x20, 0x20, 0x20, 0x20, 0x24, 0x20, 0x23, 0x23, 0x23, 0x23, 0x0a, 0x20,
    0x23, 0x23, 0x20, 0x23, 0x23, 0x23, 0x23, 0x24, 0x23, 0x23, 0x20, 0x20,
    0x20, 0x20, 0x20, 0x23, 0x0a, 0x20, 0x23, 0x20, 0x24, 0x23, 0x2e, 0x2e,
    0x2e, 0x2e, 0x2e, 0x23, 0x20, 0x23, 0x20, 0x20, 0x20, 0x23, 0x0a, 0x20,
    0x23, 0x20, 0x20, 0x24, 0x2e, 0x2e, 0x2e, 0x20, 0x2e, 0x20, 0x24, 0x23,
    0x20, 0x23, 0x23, 0x23, 0x0a, 0x23, 0x23, 0x20, 0x20, 0x23, 0x2e, 0x2e,
    0x2e, 0x2e, 0x2e, 0x23, 0x20, 0x20, 0x20, 0x23, 0x20, 0x20, 0x0a, 0x23,
    0x20, 0x20, 0x20, 0x23, 0x23, 0x23, 0x20, 0x23, 0x23, 0x23, 0x23, 0x23,
    0x23, 0x23, 0x20, 0x20, 0x0a, 0x23, 0x20, 0x24, 0x24, 0x20, 0x20, 0x23,
    0x20, 0x20, 0x23, 0x20, 0x20, 0x20, 0x20, 0x20, 0x20, 0x20, 0x0a, 0x23,
    0x20, 0x20, 0x23, 0x20, 0x20, 0x20, 0x20, 0x20, 0x23, 0x20, 0x20, 0x20,
    0x20, 0x20, 0x20, 0x20, 0x0a, 0x23, 0x23, 0x23, 0x23, 0x23, 0x23, 0x20,
    0x20, 0x20, 0x23, 0x20, 0x20, 0x20, 0x20, 0x20, 0x20, 0x20, 0x0a, 0x20,
    0x20, 0x20, 0x20, 0x20, 0x23, 0x23, 0x23, 0x23, 0x23, 0x20, 0x20, 0x20,
    0x20, 0x20, 0x20, 0x20, 0x0a, 0x3b, 0x0a, 0x23, 0x23, 0x23, 0x23, 0x23,
    0x20, 0x20, 0x20, 0x20, 0x20, 0x20, 0x20, 0x20, 0x20, 0x0a, 0x23, 0x20,
    0x20, 0x20, 0x23, 0x23, 0x20, 0x20, 0x20, 0x20, 0x20, 0x20, 0x20, 0x20,
    0x0a, 0x23, 0x20, 0x20, 0x20, 0x20, 0x23, 0x20, 0x20, 0x23, 0x23, 0x23,
    0x23, 0x20, 0x20, 0x0a, 0x23, 0x20, 0x24, 0x20, 0x20, 0x23, 0x23, 0x23,
    0x23, 0x20, 0x20, 0x23, 0x20, 0x20, 0x0a, 0x23, 0x20, 0x20, 0x24, 0x24,
    0x20, 0x24, 0x20, 0x20, 0x20, 0x24, 0x23, 0x20, 0x20, 0x0a, 0x23, 0x23,
    0x23, 0x40, 0x20, 0x23, 0x24, 0x20, 0x20, 0x20, 0x20, 0x23, 0x23, 0x20,
    0x0a, 0x20, 0x23, 0x20, 0x20, 0x23, 0x23, 0x20, 0x20, 0x24, 0x20, 0x24,
    0x20, 0x23, 0x23, 0x0a, 0x20, 0x23, 0x20, 0x24, 0x20, 0x20, 0x23, 0x23,
    0x20, 0x23, 0x23, 0x20, 0x2e, 0x23, 0x0a, 0x20, 0x23, 0x20, 0x20, 0x23,
    0x24, 0x23, 0x23, 0x24, 0x20, 0x20, 0x23, 0x2e, 0x23, 0x0a, 0x20, 0x23,
    0x23, 0x23, 0x20, 0x20, 0x20, 0x24, 0x2e, 0x2e, 0x23, 0x23, 0x2e, 0x23,
    0x0a, 0x20, 0x20, 0x23, 0x20, 0x20, 0x20, 0x20, 0x23, 0x2e, 0x20, 0x2e,
    0x2e, 0x2e, 0x23, 0x0a, 0x20, 0x20, 0x23, 0x20, 0x24, 0x24, 0x20, 0x23,
    0x2e, 0x2e, 0x2e, 0x2e, 0x2e, 0x23, 0x0a, 0x20, 0x20, 0x23, 0x20, 0x20,
    0x23, 0x23, 0x23, 0x23, 0x23, 0x23, 0x23, 0x23, 0x23, 0x0a, 0x20, 0x20,
    0x23, 0x20, 0x20, 0x23, 0x20, 0x20, 0x20, 0x20, 0x20, 0x20, 0x20, 0x20,
    0x0a, 0x20, 0x20, 0x23, 0x23, 0x23, 0x23, 0x20, 0x20, 0x20, 0x20, 0x20,
    0x20, 0x20, 0x20, 0x0a, 0x3b, 0x0a, 0x20, 0x20, 0x20, 0x20, 0x20, 0x20,
    0x20, 0x23, 0x23, 0x23, 0x23, 0x23, 0x23, 0x23, 0x20, 0x20, 0x20, 0x20,
    0x0a, 0x20, 0x23, 0x23, 0x23, 0x23, 0x23, 0x23, 0x23, 0x20, 0x20, 0x20,
    0x20, 0x20, 0x23, 0x20, 0x20, 0x20, 0x20, 0x0a, 0x20, 0x23, 0x20, 0x20,
    0x20, 0x20, 0x20, 0x23, 0x20, 0x24, 0x40, 0x24, 0x20, 0x23, 0x20, 0x20,
    0x20, 0x20, 0x0a, 0x20, 0x23, 0x24, 0x24, 0x20, 0x23, 0x20, 0x20, 0x20,
    0x23, 0x23, 0x23, 0x23, 0x23, 0x23, 0x23, 0x23, 0x23, 0x0a, 0x20, 0x23,
    0x20, 0x23, 0x23, 0x23, 0x2e, 0x2e, 0x2e, 0x2e, 0x2e, 0x2e, 0x23, 0x23,
    0x20, 0x20, 0x20, 0x23, 0x0a, 0x20, 0x23, 0x20, 0x20, 0x20, 0x24, 0x2e,
    0x2e, 0x2e, 0x2e, 0x2e, 0x2e, 0x23, 0x23, 0x20, 0x23, 0x20, 0x23, 0x0a,
    0x20, 0x23, 0x20, 0x23, 0x23, 0x23, 0x2e, 0x2e, 0x2e, 0x2e, 0x2e, 0x2e,
    0x20, 0x20, 0x20, 0x20, 0x20, 0x23, 0x0a, 0x23, 0x23, 0x20, 0x20, 0x20,
    0x23, 0x23, 0x23, 0x23, 0x20, 0x23, 0x23, 0x23, 0x20, 0x23, 0x24, 0x23,
    0x23, 0x0a, 0x23, 0x20, 0x20, 0x23, 0x24, 0x20, 0x20, 0x20, 0x23, 0x20,
    0x20, 0x24, 0x20, 0x20, 0x23, 0x20, 0x23, 0x20, 0x0a, 0x23, 0x20, 0x20,
    0x24, 0x20, 0x24, 0x24, 0x24, 0x20, 0x20, 0x23, 0x20, 0x24, 0x23, 0x23,
    0x20, 0x23, 0x20, 0x0a, 0x23, 0x20, 0x20, 0x20, 0x24, 0x20, 0x24, 0x20,
    0x23, 0x23, 0x23, 0x24, 0x24, 0x20, 0x23, 0x20, 0x23, 0x20, 0x0a, 0x23,
    0x23, 0x23, 0x23, 0x23, 0x20, 0x20, 0x20, 0x20, 0x20, 0x24, 0x20, 0x20,
    0x20, 0x23, 0x20, 0x23, 0x20, 0x0a, 0x20, 0x20, 0x20, 0x20, 0x23, 0x23,
    0x23, 0x20, 0x23, 0x23, 0x23, 0x20, 0x20, 0x20, 0x23, 0x20, 0x23, 0x20,
    0x0a, 0x20, 0x20, 0x20, 0x20, 0x20, 0x20, 0x23, 0x20, 0x20, 0x20, 0x20,
    0x20, 0x23, 0x20, 0x20, 0x20, 0x23, 0x20, 0x0a, 0x20, 0x20, 0x20, 0x20,
    0x20, 0x20, 0x23, 0x23, 0x23, 0x23, 0x23, 0x23, 0x23, 0x23, 0x20, 0x20,
    0x23, 0x20, 0x0a, 0x20, 0x20, 0x20, 0x20, 0x20, 0x20, 0x20, 0x20, 0x20,
    0x20, 0x20, 0x20, 0x20, 0x23, 0x23, 0x23, 0x23, 0x20, 0x0a, 0x3b, 0x0a,
    0x20, 0x20, 0x20, 0x20, 0x20, 0x20, 0x23, 0x23, 0x23, 0x23, 0x23, 0x23,
    0x23, 0x23, 0x23, 0x23, 0x23, 0x23, 0x20, 0x20, 0x20, 0x20, 0x0a, 0x20,
    0x20, 0x20, 0x20, 0x20, 0x20, 0x23, 0x20, 0x20, 0x2e, 0x20, 0x20, 0x23,
    0x23, 0x20, 0x20, 0x20, 0x23, 0x20, 0x20, 0x20, 0x20, 0x0a, 0x20, 0x20,
    0x20, 0x20, 0x20, 0x20, 0x23, 0x20, 0x23, 0x2e, 0x20, 0x20, 0x20, 0x20,
    0x20, 0x40, 0x20, 0x23, 0x20, 0x20, 0x20, 0x20, 0x0a, 0x20, 0x23, 0x23,
    0x23, 0x23, 0x23, 0x23, 0x20, 0x23, 0x23, 0x2e, 0x2e, 0x2e, 0x23, 0x20,
    0x23, 0x23, 0x23, 0x23, 0x20, 0x20, 0x20, 0x0a, 0x23, 0x23, 0x20, 0x20,
    0x23, 0x23, 0x2e, 0x2e, 0x2e, 0x23, 0x23, 0x23, 0x23, 0x20, 0x20, 0x20,
    0x20, 0x20, 0x23, 0x23, 0x23, 0x23, 0x0a, 0x23, 0x20, 0x24, 0x20, 0x23,
    0x23, 0x2e, 0x2e, 0x2e, 0x20, 0x20, 0x20, 0x20, 0x24, 0x20, 0x23, 0x20,
    0x20, 0x24, 0x20, 0x20, 0x23, 0x0a, 0x23, 0x20, 0x20, 0x20, 0x20, 0x20,
    0x2e, 0x2e, 0x20, 0x23, 0x23, 0x20, 0x23, 0x20, 0x23, 0x23, 0x20, 0x23,
    0x23, 0x20, 0x20, 0x23, 0x0a, 0x23, 0x23, 0x23, 0x23, 0x24, 0x23, 0x23,
    0x23, 0x24, 0x23, 0x20, 0x24, 0x20, 0x20, 0x23, 0x20, 0x20, 0x20, 0x23,
    0x20, 0x23, 0x23, 0x0a, 0x20, 0x23, 0x23, 0x23, 0x20, 0x20, 0x23, 0x20,
    0x20, 0x20, 0x20, 0x23, 0x23, 0x24, 0x20, 0x24, 0x24, 0x20, 0x23, 0x20,
    0x23, 0x20, 0x0a, 0x20, 0x23, 0x20, 0x20, 0x20, 0x24, 0x24, 0x20, 0x23,
    0x20, 0x23, 0x20, 0x24, 0x20, 0x23, 0x20, 0x24, 0x23, 0x23, 0x20, 0x23,
    0x20, 0x0a, 0x20, 0x23, 0x20, 0x20, 0x20, 0x20, 0x20, 0x20, 0x20, 0x20,
    0x20, 0x20, 0x20, 0x20, 0x20, 0x20, 0x20, 0x20, 0x20, 0x20, 0x23, 0x20,
    0x0a, 0x20, 0x23, 0x23, 0x23, 0x23, 0x23, 0x23, 0x23, 0x23, 0x23, 0x23,
    0x23, 0x23, 0x23, 0x23, 0x23, 0x23, 0x23, 0x20, 0x20, 0x23, 0x20, 0x0a,
    0x20, 0x20, 0x20, 0x20, 0x20, 0x20, 0x20, 0x20, 0x20, 0x20, 0x20, 0x20,
    0x20, 0x20, 0x20, 0x20, 0x20, 0x23, 0x23, 0x23, 0x23, 0x20, 0x0a, 0x3b,
    0x0a, 0x20, 0x20, 0x20, 0x20, 0x20, 0x20, 0x20, 0x20, 0x23, 0x23, 0x23,
    0x23, 0x23, 0x23, 0x20, 0x20, 0x20, 0x20, 0x20, 0x20, 0x20, 0x20, 0x20,
    0x20, 0x20, 0x20, 0x20, 0x20, 0x0a, 0x20, 0x20, 0x20, 0x20, 0x20, 0x20,
    0x20, 0x20, 0x23, 0x20, 0x20, 0x20, 0x40, 0x23, 0x23, 0x23, 0x23, 0x20,
    0x20, 0x20, 0x20, 0x20, 0x20, 0x20, 0x20, 0x20, 0x20, 0x20, 0x0a, 0x20,
    0x20, 0x20, 0x20, 0x20, 0x20, 0x23, 0x23, 0x23, 0x23, 0x23, 0x20, 0x24,
    0x20, 0x20, 0x20, 0x23, 0x20, 0x20, 0x20, 0x20, 0x20, 0x20, 0x20, 0x20,
    0x20, 0x20, 0x20, 0x0a, 0x20, 0x20, 0x20, 0x20, 0x20, 0x20, 0x23, 0x20,
    0x20, 0x20, 0x23, 0x23, 0x20, 0x20, 0x20, 0x20, 0x23, 0x23, 0x23, 0x23,
    0x20, 0x20, 0x20, 0x20, 0x20, 0x20, 0x20, 0x20, 0x0a, 0x20, 0x20, 0x20,
    0x20, 0x20, 0x20, 0x23, 0x20, 0x24, 0x23, 0x23, 0x20, 0x20, 0x23, 0x23,
    0x20, 0x20, 0x20, 0x20, 0x23, 0x20, 0x20, 0x20, 0x20, 0x20, 0x20, 0x20,
    0x20, 0x0a, 0x20, 0x20, 0x20, 0x20, 0x20, 0x20, 0x23, 0x20, 0x20, 0x20,
    0x23, 0x20, 0x20, 0x23, 0x23, 0x23, 0x23, 0x23, 0x20, 0x23, 0x20, 0x20,
    0x20, 0x20, 0x20, 0x20, 0x20, 0x20, 0x0a, 0x20, 0x20, 0x20, 0x20, 0x20,
    0x20, 0x23, 0x20, 0x23, 0x24, 0x24, 0x20, 0x24, 0x20, 0x20, 0x20, 0x20,
    0x23, 0x20, 0x23, 0x20, 0x20, 0x20, 0x20, 0x20, 0x20, 0x20, 0x20, 0x0a,
    0x20, 0x20, 0x20, 0x20, 0x20, 0x20, 0x23, 0x20, 0x20, 0x24, 0x20, 0x24,
    0x20, 0x23, 0x23, 0x23, 0x20, 0x23, 0x20, 0x23, 0x20, 0x20, 0x20, 0x20,
    0x20, 0x20, 0x20, 0x20, 0x0a, 0x20, 0x20, 0x20, 0x20, 0x20, 0x20, 0x23,
    0x20, 0x23, 0x20, 0x20, 0x20, 0x24, 0x20, 0x20, 0x23, 0x20, 0x23, 0x20,
    0x23, 0x20, 0x20, 0x20, 0x20, 0x20, 0x20, 0x20, 0x20, 0x0a, 0x20, 0x20,
    0x20, 0x20, 0x20, 0x20, 0x23, 0x20, 0x23, 0x20, 0x20, 0x23, 0x24, 0x23,
    0x20, 0x20, 0x20, 0x23, 0x20, 0x23, 0x20, 0x20, 0x20, 0x20, 0x20, 0x20,
    0x20, 0x20, 0x0a, 0x20, 0x20, 0x20, 0x20, 0x20, 0x23, 0x23, 0x20, 0x23,
    0x23, 0x23, 0x23, 0x20, 0x20, 0x20, 0x23, 0x20, 0x23, 0x20, 0x23, 0x20,
    0x20, 0x20, 0x20, 0x20, 0x20, 0x20, 0x20, 0x0a, 0x20, 0x20, 0x20, 0x20,
    0x20, 0x23, 0x20, 0x20, 0x24, 0x20, 0x20, 0x23, 0x23, 0x23, 0x23, 0x23,
    0x20, 0x23, 0x20, 0x23, 0x20, 0x23, 0x23, 0x23, 0x23, 0x20, 0x20, 0x20,
    0x0a, 0x20, 0x20, 0x20, 0x20, 0x23, 0x23, 0x20, 0x20, 0x20, 0x20, 0x24,
    0x20, 0x20, 0x20, 0x20, 0x20, 0x24, 0x20, 0x20, 0x23, 0x23, 0x23, 0x20,
    0x20, 0x23, 0x23, 0x23, 0x23, 0x0a, 0x23, 0x23, 0x23, 0x23, 0x23, 0x20,
    0x20, 0x23, 0x23, 0x23, 0x20, 0x24, 0x20, 0x24, 0x23, 0x20, 0x24, 0x20,
    0x23, 0x20, 0x20, 0x20, 0x2e, 0x2e, 0x2e, 0x2e, 0x2e, 0x23, 0x0a, 0x23,
    0x20, 0x20, 0x20, 0x20, 0x20, 0x23, 0x23, 0x20, 0x20, 0x20, 0x20, 0x20,
    0x20, 0x23, 0x20, 0x20, 0x23, 0x23, 0x20, 0x20, 0x23, 0x2e, 0x2e, 0x2e,
    0x2e, 0x2e, 0x23, 0x0a, 0x23, 0x20, 0x24, 0x24, 0x24, 0x24, 0x20, 0x20,
    0x20, 0x20, 0x23, 0x23, 0x23, 0x23, 0x23, 0x23, 0x24, 0x23, 0x23, 0x20,
    0x20, 0x20, 0x23, 0x2e, 0x23, 0x23, 0x2e, 0x23, 0x0a, 0x23, 0x23, 0x20,
    0x20, 0x20, 0x20, 0x23, 0x23, 0x20, 0x20, 0x20, 0x20, 0x20, 0x20, 0x20,
    0x20, 0x20, 0x20, 0x20, 0x20, 0x20, 0x20, 0x23, 0x2e, 0x2e, 0x2e, 0x2e,
    0x23, 0x0a, 0x20, 0x23, 0x23, 0x20, 0x20, 0x23, 0x23, 0x23, 0x23, 0x23,
    0x23, 0x23, 0x23, 0x23, 0x23, 0x23, 0x23, 0x23, 0x23, 0x23, 0x20, 0x20,
    0x20, 0x2e, 0x2e, 0x2e, 0x2e, 0x23, 0x0a, 0x20, 0x20, 0x23, 0x20, 0x20,
    0x23, 0x20, 0x20, 0x20, 0x20, 0x20, 0x20, 0x20, 0x20, 0x20, 0x20, 0x20,
    0x20, 0x20, 0x23, 0x23, 0x23, 0x23, 0x23, 0x20, 0x20, 0x23, 0x23, 0x0a,
    0x20, 0x20, 0x23, 0x23, 0x23, 0x23, 0x20, 0x20, 0x20, 0x20, 0x20, 0x20,
    0x20, 0x20, 0x20, 0x20, 0x20, 0x20, 0x20, 0x20, 0x20, 0x20, 0x20, 0x23,
    0x23, 0x23, 0x23, 0x20, 0x0a, 0x3b, 0x0a, 0x20, 0x20, 0x20, 0x20, 0x20,
    0x20, 0x20, 0x23, 0x23, 0x23, 0x23, 0x23, 0x23, 0x23, 0x23, 0x23, 0x23,
    0x23, 0x23, 0x20, 0x0a, 0x20, 0x20, 0x20, 0x20, 0x20, 0x20, 0x20, 0x23,
    0x2e, 0x2e, 0x2e, 0x2e, 0x2e, 0x2e, 0x2e, 0x2e, 0x2e, 0x2e, 0x23, 0x20,
    0x0a, 0x20, 0x20, 0x20, 0x20, 0x20, 0x23, 0x23, 0x23, 0x2e, 0x23, 0x2e,
    0x23, 0x2e, 0x23, 0x2e, 0x23, 0x2e, 0x2e, 0x23, 0x20, 0x0a, 0x20, 0x20,
    0x20, 0x20, 0x20, 0x23, 0x20, 0x20, 0x20, 0x2e, 0x2e, 0x2e, 0x2e, 0x2e,
    0x2e, 0x2e, 0x2e, 0x2e, 0x23, 0x20, 0x0a, 0x20, 0x20, 0x20, 0x20, 0x20,
    0x23, 0x40, 0x20, 0x24, 0x20, 0x24, 0x20, 0x24, 0x20, 0x20, 0x2e, 0x20,
    0x2e, 0x23, 0x20, 0x0a, 0x20, 0x20, 0x20, 0x20, 0x23, 0x23, 0x23, 0x23,
    0x23, 0x23, 0x23, 0x20, 0x23, 0x23, 0x23, 0x23, 0x23, 0x23, 0x23, 0x20,
    0x0a, 0x20, 0x23, 0x23, 0x23, 0x23, 0x20, 0x20, 0x20, 0x23, 0x20, 0x20,
    0x20, 0x20, 0x23, 0x23, 0x20, 0x20, 0x23, 0x20, 0x20, 0x0a, 0x23, 0x23,
    0x20, 0x20, 0x20, 0x20, 0x24, 0x20, 0x23, 0x20, 0x20, 0x20, 0x20, 0x23,
    0x20, 0x24, 0x20, 0x23, 0x23, 0x20, 0x0a, 0x23, 0x20, 0x20, 0x23, 0x24,
    0x23, 0x20, 0x23, 0x23, 0x23, 0x20, 0x23, 0x23, 0x23, 0x24, 0x20, 0x20,
    0x20, 0x23, 0x23, 0x0a, 0x23, 0x20, 0x24, 0x20, 0x20, 0x24, 0x20, 0x24,
    0x20, 0x20, 0x20, 0x23, 0x20, 0x24, 0x20, 0x24, 0x20, 0x24, 0x20, 0x23,
    0x0a, 0x23, 0x20, 0x20, 0x23, 0x20, 0x24, 0x20, 0x23, 0x23, 0x20, 0x20,
    0x20, 0x20, 0x20, 0x20, 0x20, 0x23, 0x24, 0x20, 0x23, 0x0a, 0x23, 0x20,
    0x20, 0x20, 0x24, 0x23, 0x23, 0x23, 0x23, 0x24, 0x23, 0x23, 0x23, 0x23,
    0x24, 0x23, 0x23, 0x20, 0x20, 0x23, 0x0a, 0x23, 0x23, 0x23, 0x23, 0x20,
    0x20, 0x23, 0x23, 0x20, 0x20, 0x20, 0x23, 0x20, 0x20, 0x20, 0x20, 0x23,
    0x20, 0x20, 0x23, 0x0a, 0x20, 0x20, 0x20, 0x23, 0x24, 0x20, 0x23, 0x23,
    0x20, 0x20, 0x20, 0x23, 0x20, 0x23, 0x20, 0x24, 0x24, 0x20, 0x20, 0x23,
    0x0a, 0x20, 0x20, 0x20, 0x23, 0x20, 0x20, 0x20, 0x23, 0x20, 0x24, 0x20,
    0x23, 0x20, 0x20, 0x24, 0x20, 0x20, 0x20, 0x20, 0x23, 0x0a, 0x20, 0x20,
    0x20, 0x23, 0x23, 0x23, 0x20, 0x23, 0x20, 0x24, 0x24, 0x20, 0x23, 0x20,
    0x20, 0x24, 0x20, 0x23, 0x23, 0x23, 0x0a, 0x20, 0x20, 0x20, 0x20, 0x20,
    0x23, 0x20, 0x23, 0x20, 0x20, 0x20, 0x20, 0x23, 0x20, 0x24, 0x20, 0x23,
    0x23, 0x20, 0x20, 0x0a, 0x20, 0x20, 0x20, 0x20, 0x20, 0x23, 0x20, 0x23,
    0x23, 0x23, 0x23, 0x23, 0x23, 0x23, 0x23, 0x20, 0x23, 0x20, 0x20, 0x20,
    0x0a, 0x20, 0x20, 0x20, 0x20, 0x20, 0x23, 0x20, 0x20, 0x20, 0x20, 0x20,
    0x20, 0x20, 0x20, 0x20, 0x20, 0x23, 0x20, 0x20, 0x20, 0x0a, 0x20, 0x20,
    0x20, 0x20, 0x20, 0x23, 0x23, 0x23, 0x23, 0x23, 0x23, 0x23, 0x23, 0x23,
    0x23, 0x23, 0x23, 0x20, 0x20, 0x20, 0x0a, 0x3b, 0x0a, 0x20, 0x20, 0x20,
    0x23, 0x23, 0x23, 0x23, 0x23, 0x23, 0x23, 0x23, 0x23, 0x23, 0x20, 0x20,
    0x20, 0x0a, 0x20, 0x20, 0x20, 0x23, 0x2e, 0x2e, 0x20, 0x20, 0x23, 0x20,
    0x20, 0x20, 0x23, 0x20, 0x20, 0x20, 0x0a, 0x20, 0x20, 0x20, 0x23, 0x2e,
    0x2e, 0x20, 0x20, 0x20, 0x20, 0x20, 0x20, 0x23, 0x20, 0x20, 0x20, 0x0a,
    0x20, 0x20, 0x20, 0x23, 0x2e, 0x2e, 0x20, 0x20, 0x23, 0x20, 0x20, 0x23,
    0x23, 0x23, 0x23, 0x20, 0x0a, 0x20, 0x20, 0x23, 0x23, 0x23, 0x23, 0x23,
    0x23, 0x23, 0x20, 0x20, 0x23, 0x20, 0x20, 0x23, 0x23, 0x0a, 0x20, 0x20,
    0x23, 0x20, 0x20, 0x20, 0x20, 0x20, 0x20, 0x20, 0x20, 0x20, 0x20, 0x20,
    0x20, 0x23, 0x0a, 0x20, 0x20, 0x23, 0x20, 0x20, 0x23, 0x20, 0x20, 0x23,
    0x23, 0x20, 0x20, 0x23, 0x20, 0x20, 0x23, 0x0a, 0x23, 0x23, 0x23, 0x23,
    0x20, 0x23, 0x23, 0x20, 0x20, 0x23, 0x23, 0x23, 0x23, 0x20, 0x23, 0x23,
    0x0a, 0x23, 0x20, 0x20, 0x24, 0x20, 0x20, 0x23, 0x23, 0x23, 0x23, 0x23,
    0x20, 0x23, 0x20, 0x20, 0x23, 0x0a, 0x23, 0x20, 0x23, 0x20, 0x24, 0x20,
    0x20, 0x24, 0x20, 0x20, 0x23, 0x20, 0x24, 0x20, 0x20, 0x23, 0x0a, 0x23,
    0x20, 0x40, 0x24, 0x20, 0x20, 0x24, 0x20, 0x20, 0x20, 0x23, 0x20, 0x20,
    0x20, 0x23, 0x23, 0x0a, 0x23, 0x23, 0x23, 0x23, 0x20, 0x23, 0x23, 0x20,
    0x23, 0x23, 0x23, 0x23, 0x23, 0x23, 0x23, 0x20, 0x0a, 0x20, 0x20, 0x20,
    0x23, 0x20, 0x20, 0x20, 0x20, 0x23, 0x20, 0x20, 0x20, 0x20, 0x20, 0x20,
    0x20, 0x0a, 0x20, 0x20, 0x20, 0x23, 0x23, 0x23, 0x23, 0x23, 0x23, 0x20,
    0x20, 0x20, 0x20, 0x20, 0x20, 0x20, 0x0a, 0x3b, 0x0a, 0x20, 0x20, 0x20,
    0x20, 0x20, 0x20, 0x20, 0x20, 0x20, 0x20, 0x20, 0x20, 0x23, 0x23, 0x23,
    0x23, 0x20, 0x20, 0x20, 0x20, 0x20, 0x20, 0x0a, 0x20, 0x23, 0x23, 0x23,
    0x23, 0x23, 0x23, 0x23, 0x23, 0x23, 0x23, 0x23, 0x23, 0x20, 0x20, 0x23,
    0x23, 0x23, 0x23, 0x23, 0x20, 0x20, 0x0a, 0x20, 0x23, 0x20, 0x20, 0x20,
    0x20, 0x23, 0x20, 0x20, 0x23, 0x20, 0x20, 0x24, 0x20, 0x20, 0x23, 0x20,
    0x20, 0x20, 0x23, 0x23, 0x20, 0x0a, 0x20, 0x23, 0x20, 0x24, 0x20, 0x24,
    0x20, 0x24, 0x20, 0x20, 0x24, 0x20, 0x23, 0x20, 0x24, 0x20, 0x24, 0x20,
    0x20, 0x20, 0x23, 0x20, 0x0a, 0x20, 0x23, 0x23, 0x24, 0x20, 0x24, 0x20,
    0x20, 0x20, 0x23, 0x20, 0x40, 0x23, 0x20, 0x24, 0x20, 0x20, 0x20, 0x24,
    0x20, 0x23, 0x20, 0x0a, 0x23, 0x23, 0x23, 0x20, 0x20, 0x20, 0x23, 0x23,
    0x23, 0x23, 0x23, 0x23, 0x23, 0x23, 0x23, 0x23, 0x23, 0x23, 0x20, 0x23,
    0x23, 0x20, 0x0a, 0x23, 0x20, 0x20, 0x24, 0x20, 0x24, 0x23, 0x20, 0x20,
    0x23, 0x2e, 0x2e, 0x2e, 0x2e, 0x2e, 0x2e, 0x23, 0x20, 0x24, 0x23, 0x20,
    0x20, 0x0a, 0x23, 0x20, 0x23, 0x20, 0x20, 0x20, 0x23, 0x20, 0x20, 0x23,
    0x2e, 0x2e, 0x2e, 0x2e, 0x2e, 0x2e, 0x23, 0x23, 0x20, 0x23, 0x20, 0x20,
    0x0a, 0x23, 0x20, 0x20, 0x23, 0x23, 0x20, 0x23, 0x23, 0x20, 0x23, 0x20,
    0x2e, 0x2e, 0x2e, 0x2e, 0x2e, 0x23, 0x20, 0x20, 0x23, 0x20, 0x20, 0x0a,
    0x23, 0x20, 0x23, 0x20, 0x20, 0x20, 0x20, 0x20, 0x20, 0x24, 0x2e, 0x2e,
    0x2e, 0x2e, 0x2e, 0x2e, 0x20, 0x24, 0x20, 0x23, 0x20, 0x20, 0x0a, 0x23,
    0x20, 0x23, 0x20, 0x24, 0x20, 0x23, 0x23, 0x20, 0x23, 0x2e, 0x2e, 0x2e,
    0x2e, 0x2e, 0x2e, 0x23, 0x20, 0x20, 0x23, 0x20, 0x20, 0x0a, 0x23, 0x20,
    0x20, 0x24, 0x20, 0x24, 0x23, 0x20, 0x20, 0x23, 0x2e, 0x2e, 0x2e, 0x2e,
    0x2e, 0x2e, 0x23, 0x20, 0x24, 0x23, 0x20, 0x20, 0x0a, 0x23, 0x20, 0x24,
    0x20, 0x20, 0x20, 0x23, 0x20, 0x20, 0x23, 0x23, 0x24, 0x23, 0x23, 0x23,
    0x23, 0x23, 0x20, 0x20, 0x23, 0x20, 0x20, 0x0a, 0x23, 0x20, 0x24, 0x20,
    0x24, 0x20, 0x23, 0x23, 0x23, 0x23, 0x20, 0x24, 0x20, 0x24, 0x20, 0x20,
    0x24, 0x20, 0x24, 0x23, 0x20, 0x20, 0x0a, 0x23, 0x23, 0x20, 0x23, 0x20,
    0x20, 0x20, 0x20, 0x20, 0x24, 0x20, 0x24, 0x20, 0x24, 0x20, 0x24, 0x20,
    0x20, 0x20, 0x23, 0x23, 0x23, 0x0a, 0x20, 0x23, 0x20, 0x20, 0x23, 0x23,
    0x23, 0x23, 0x23, 0x23, 0x20, 0x24, 0x20, 0x20, 0x20, 0x20, 0x24, 0x20,
    0x20, 0x20, 0x20, 0x23, 0x0a, 0x20, 0x23, 0x20, 0x20, 0x20, 0x20, 0x20,
    0x20, 0x20, 0x20, 0x20, 0x23, 0x20, 0x23, 0x23, 0x23, 0x23, 0x23, 0x23,
    0x23, 0x20, 0x23, 0x0a, 0x20, 0x23, 0x23, 0x23, 0x23, 0x23, 0x23, 0x23,
    0x20, 0x23, 0x24, 0x20, 0x20, 0x20, 0x20, 0x20, 0x20, 0x20, 0x20, 0x20,
    0x20, 0x23, 0x0a, 0x20, 0x20, 0x20, 0x20, 0x20, 0x20, 0x20, 0x23, 0x20,
    0x20, 0x20, 0x23, 0x23, 0x23, 0x23, 0x23, 0x23, 0x23, 0x23, 0x23, 0x23,
    0x23, 0x0a, 0x20, 0x20, 0x20, 0x20, 0x20, 0x20, 0x20, 0x23, 0x23, 0x23,
    0x23, 0x23, 0x20, 0x20, 0x20, 0x20, 0x20, 0x20, 0x20, 0x20, 0x20, 0x20,
    0x0a, 0x3b, 0x0a, 0x20, 0x20, 0x20, 0x20, 0x20, 0x20, 0x20, 0x23, 0x23,
    0x23, 0x23, 0x23, 0x23, 0x23, 0x20, 0x20, 0x20, 0x20, 0x20, 0x20, 0x20,
    0x20, 0x20, 0x20, 0x20, 0x0a, 0x20, 0x20, 0x20, 0x20, 0x20, 0x20, 0x20,
    0x23, 0x20, 0x20, 0x23, 0x20, 0x20, 0x23, 0x23, 0x23, 0x23, 0x20, 0x20,
    0x20, 0x20, 0x20, 0x20, 0x20, 0x20, 0x0a, 0x20, 0x20, 0x20, 0x20, 0x20,
    0x20, 0x20, 0x23, 0x20, 0x24, 0x23, 0x24, 0x20, 0x23, 0x20, 0x20, 0x23,
    0x23, 0x20, 0x20, 0x20, 0x20, 0x20, 0x20, 0x20, 0x0a, 0x23, 0x23, 0x23,
    0x23, 0x23, 0x23, 0x23, 0x23, 0x20, 0x20, 0x23, 0x20, 0x20, 0x23, 0x20,
    0x20, 0x20, 0x23, 0x23, 0x23, 0x23, 0x23, 0x23, 0x23, 0x23, 0x0a, 0x23,
    0x2e, 0x2e, 0x2e, 0x2e, 0x20, 0x20, 0x23, 0x20, 0x24, 0x23, 0x24, 0x20,
    0x23, 0x20, 0x20, 0x24, 0x23, 0x20, 0x20, 0x23, 0x20, 0x20, 0x20, 0x23,
    0x0a, 0x23, 0x2e, 0x2e, 0x2e, 0x2e, 0x23, 0x20, 0x23, 0x20, 0x20, 0x20,
    0x20, 0x20, 0x23, 0x24, 0x20, 0x20, 0x23, 0x20, 0x20, 0x20, 0x20, 0x20,
    0x20, 0x23, 0x0a, 0x23, 0x2e, 0x2e, 0x23, 0x2e, 0x20, 0x20, 0x20, 0x20,
    0x24, 0x23, 0x20, 0x20, 0x23, 0x20, 0x24, 0x20, 0x20, 0x20, 0x20, 0x23,
    0x24, 0x20, 0x20, 0x23, 0x0a, 0x23, 0x2e, 0x2e, 0x2e, 0x20, 0x40, 0x23,
    0x23, 0x20, 0x20, 0x23, 0x24, 0x20, 0x23, 0x24, 0x20, 0x20, 0x23, 0x20,
    0x20, 0x23, 0x20, 0x20, 0x20, 0x23, 0x0a, 0x23, 0x2e, 0x2e, 0x2e, 0x2e,
    0x20, 0x23, 0x23, 0x20, 0x24, 0x23, 0x20, 0x20, 0x20, 0x20, 0x20, 0x24,
    0x23, 0x23, 0x23, 0x23, 0x23, 0x23, 0x23, 0x23, 0x0a, 0x23, 0x23, 0x23,
    0x23, 0x23, 0x23, 0x23, 0x23, 0x20, 0x20, 0x23, 0x24, 0x24, 0x23, 0x24,
    0x20, 0x20, 0x23, 0x20, 0x20, 0x20, 0x20, 0x20, 0x20, 0x20, 0x0a, 0x20,
    0x20, 0x20, 0x20, 0x20, 0x20, 0x20, 0x23, 0x20, 0x24, 0x23, 0x20, 0x20,
    0x23, 0x20, 0x20, 0x24, 0x23, 0x20, 0x20, 0x20, 0x20, 0x20, 0x20, 0x20,
    0x0a, 0x20, 0x20, 0x20, 0x20, 0x20, 0x20, 0x20, 0x23, 0x20, 0x20, 0x23,
    0x20, 0x20, 0x23, 0x20, 0x20, 0x20, 0x23, 0x20, 0x20, 0x20, 0x20, 0x20,
    0x20, 0x20, 0x0a, 0x20, 0x20, 0x20, 0x20, 0x20, 0x20, 0x20, 0x23, 0x23,
    0x23, 0x23, 0x20, 0x20, 0x23, 0x23, 0x23, 0x23, 0x23, 0x20, 0x20, 0x20,
    0x20, 0x20, 0x20, 0x20, 0x0a, 0x20, 0x20, 0x20, 0x20, 0x20, 0x20, 0x20,
    0x20, 0x20, 0x20, 0x23, 0x23, 0x23, 0x23, 0x20, 0x20, 0x20, 0x20, 0x20,
    0x20, 0x20, 0x20, 0x20, 0x20, 0x20, 0x0a, 0x3b, 0x0a, 0x20, 0x20, 0x20,
    0x23, 0x23, 0x23, 0x23, 0x23, 0x23, 0x23, 0x23, 0x23, 0x23, 0x20, 0x20,
    0x20, 0x20, 0x20, 0x20, 0x20, 0x20, 0x0a, 0x20, 0x20, 0x20, 0x23, 0x2e,
    0x2e, 0x2e, 0x2e, 0x2e, 0x2e, 0x2e, 0x2e, 0x23, 0x23, 0x23, 0x23, 0x20,
    0x20, 0x20, 0x20, 0x20, 0x0a, 0x20, 0x20, 0x20, 0x23, 0x2e, 0x23, 0x2e,
    0x23, 0x2e, 0x2e, 0x2e, 0x2e, 0x23, 0x20, 0x20, 0x23, 0x20, 0x20, 0x20,
    0x20, 0x20, 0x0a, 0x20, 0x20, 0x20, 0x23, 0x2e, 0x2e, 0x2e, 0x2e, 0x2e,
    0x2e, 0x2e, 0x2e, 0x24, 0x24, 0x20, 0x23, 0x20, 0x20, 0x20, 0x20, 0x20,
    0x0a, 0x20, 0x20, 0x20, 0x23, 0x20, 0x20, 0x20, 0x20, 0x20, 0x2e, 0x23,
    0x23, 0x23, 0x20, 0x20, 0x23, 0x23, 0x23, 0x23, 0x20, 0x20, 0x0a, 0x20,
    0x23, 0x23, 0x23, 0x23, 0x23, 0x23, 0x23, 0x23, 0x23, 0x20, 0x20, 0x24,
    0x20, 0x23, 0x20, 0x20, 0x20, 0x23, 0x20, 0x20, 0x0a, 0x20, 0x23, 0x20,
    0x20, 0x20, 0x20, 0x20, 0x24, 0x20, 0x20, 0x20, 0x24, 0x20, 0x24, 0x20,
    0x20, 0x24, 0x20, 0x23, 0x20, 0x20, 0x0a, 0x20, 0x23, 0x20, 0x20, 0x23,
    0x20, 0x20, 0x20, 0x20, 0x23, 0x20, 0x20, 0x24, 0x20, 0x24, 0x23, 0x20,
    0x20, 0x23, 0x20, 0x20, 0x0a, 0x20, 0x23, 0x23, 0x20, 0x23, 0x23, 0x23,
    0x23, 0x23, 0x20, 0x20, 0x20, 0x23, 0x20, 0x20, 0x23, 0x20, 0x20, 0x23,
    0x20, 0x20, 0x0a, 0x20, 0x23, 0x20, 0x24, 0x20, 0x20, 0x20, 0x20, 0x20,
    0x23, 0x20, 0x20, 0x20, 0x23, 0x23, 0x23, 0x23, 0x20, 0x23, 0x20, 0x20,
    0x0a, 0x23, 0x23, 0x20, 0x20, 0x24, 0x23, 0x20, 0x20, 0x20, 0x23, 0x20,
    0x23, 0x23, 0x20, 0x20, 0x23, 0x20, 0x20, 0x23, 0x20, 0x20, 0x0a, 0x23,
    0x20, 0x20, 0x20, 0x20, 0x23, 0x23, 0x24, 0x23, 0x23, 0x23, 0x20, 0x20,
    0x20, 0x20, 0x23, 0x20, 0x20, 0x23, 0x23, 0x20, 0x0a, 0x23, 0x20, 0x24,
    0x20, 0x20, 0x20, 0x20, 0x24, 0x20, 0x23, 0x20, 0x20, 0x23, 0x20, 0x20,
    0x23, 0x20, 0x20, 0x20, 0x23, 0x20, 0x0a, 0x23, 0x23, 0x23, 0x23, 0x23,
    0x20, 0x20, 0x20, 0x20, 0x23, 0x20, 0x23, 0x23, 0x20, 0x23, 0x20, 0x23,
    0x23, 0x20, 0x23, 0x23, 0x0a, 0x20, 0x20, 0x20, 0x20, 0x23, 0x24, 0x23,
    0x20, 0x23, 0x20, 0x20, 0x24, 0x20, 0x20, 0x24, 0x20, 0x24, 0x20, 0x20,
    0x20, 0x23, 0x0a, 0x20, 0x20, 0x20, 0x20, 0x23, 0x40, 0x23, 0x20, 0x20,
    0x24, 0x23, 0x24, 0x24, 0x24, 0x20, 0x20, 0x23, 0x20, 0x20, 0x20, 0x23,
    0x0a, 0x20, 0x20, 0x20, 0x20, 0x23, 0x23, 0x23, 0x20, 0x20, 0x24, 0x20,
    0x20, 0x20, 0x20, 0x20, 0x20, 0x23, 0x23, 0x23, 0x23, 0x23, 0x0a, 0x20,
    0x20, 0x20, 0x20, 0x20, 0x20, 0x23, 0x23, 0x20, 0x20, 0x23, 0x20, 0x20,
    0x23, 0x20, 0x20, 0x23, 0x20, 0x20, 0x20, 0x20, 0x0a, 0x20, 0x20, 0x20,
    0x20, 0x20, 0x20, 0x20, 0x23, 0x23, 0x23, 0x23, 0x23, 0x23, 0x23, 0x23,
    0x23, 0x23, 0x20, 0x20, 0x20, 0x20, 0x0a, 0x3b, 0x0a, 0x20, 0x20, 0x20,
    0x20, 0x20, 0x20, 0x20, 0x20, 0x20, 0x20, 0x20, 0x20, 0x20, 0x20, 0x20,
    0x23, 0x23, 0x23, 0x23, 0x20, 0x20, 0x20, 0x20, 0x0a, 0x20, 0x20, 0x20,
    0x20, 0x20, 0x20, 0x20, 0x20, 0x20, 0x20, 0x23, 0x23, 0x23, 0x23, 0x23,
    0x23, 0x20, 0x20, 0x23, 0x23, 0x23, 0x23, 0x23, 0x0a, 0x20, 0x20, 0x20,
    0x20, 0x23, 0x23, 0x23, 0x23, 0x23, 0x23, 0x23, 0x20, 0x20, 0x20, 0x20,
    0x20, 0x20, 0x20, 0x23, 0x20, 0x20, 0x20, 0x23, 0x0a, 0x20, 0x20, 0x20,
    0x20, 0x23, 0x20, 0x20, 0x20, 0x20, 0x20, 0x20, 0x24, 0x20, 0x24, 0x20,
    0x23, 0x23, 0x20, 0x23, 0x20, 0x23, 0x20, 0x23, 0x0a, 0x20, 0x20, 0x20,
    0x20, 0x23, 0x20, 0x20, 0x23, 0x23, 0x23, 0x23, 0x20, 0x24, 0x20, 0x20,
    0x23, 0x20, 0x20, 0x20, 0x20, 0x20, 0x2e, 0x23, 0x0a, 0x20, 0x20, 0x20,
    0x20, 0x23, 0x20, 0x20, 0x20, 0x20, 0x20, 0x20, 0x24, 0x20, 0x23, 0x20,
    0x23, 0x20, 0x23, 0x23, 0x2e, 0x23, 0x2e, 0x23, 0x0a, 0x20, 0x20, 0x20,
    0x20, 0x23, 0x23, 0x24, 0x23, 0x23, 0x23, 0x23, 0x24, 0x20, 0x24, 0x20,
    0x24, 0x20, 0x23, 0x23, 0x2e, 0x23, 0x2e, 0x23, 0x0a, 0x20, 0x20, 0x20,
    0x20, 0x23, 0x20, 0x20, 0x20, 0x20, 0x20, 0x23, 0x20, 0x20, 0x20, 0x20,
    0x23, 0x23, 0x23, 0x23, 0x2e, 0x23, 0x23, 0x23, 0x0a, 0x20, 0x20, 0x20,
    0x20, 0x23, 0x20, 0x24, 0x20, 0x20, 0x20, 0x23, 0x23, 0x23, 0x23, 0x23,
    0x23, 0x20, 0x20, 0x23, 0x2e, 0x23, 0x2e, 0x23, 0x0a, 0x23, 0x23, 0x23,
    0x23, 0x23, 0x23, 0x24, 0x24, 0x24, 0x23, 0x23, 0x20, 0x20, 0x20, 0x20,
    0x20, 0x20, 0x40, 0x23, 0x2e, 0x23, 0x2e, 0x23, 0x0a, 0x23, 0x20, 0x20,
    0x20, 0x20, 0x20, 0x20, 0x23, 0x20, 0x20, 0x20, 0x20, 0x23, 0x24, 0x23,
    0x24, 0x23, 0x23, 0x23, 0x2e, 0x20, 0x2e, 0x23, 0x0a, 0x23, 0x20, 0x23,
    0x23, 0x23, 0x23, 0x20, 0x23, 0x24, 0x24, 0x24, 0x24, 0x24, 0x20, 0x20,
    0x20, 0x20, 0x23, 0x20, 0x2e, 0x2e, 0x2e, 0x23, 0x0a, 0x23, 0x20, 0x23,
    0x20, 0x20, 0x20, 0x20, 0x24, 0x20, 0x20, 0x20, 0x20, 0x20, 0x23, 0x20,
    0x20, 0x20, 0x23, 0x20, 0x2e, 0x2e, 0x2e, 0x23, 0x0a, 0x23, 0x20, 0x23,
    0x20, 0x20, 0x20, 0x23, 0x23, 0x20, 0x23, 0x23, 0x20, 0x20, 0x20, 0x20,
    0x20, 0x23, 0x23, 0x23, 0x2e, 0x2e, 0x2e, 0x23, 0x0a, 0x23, 0x20, 0x23,
    0x23, 0x23, 0x23, 0x23, 0x23, 0x24, 0x23, 0x23, 0x23, 0x23, 0x23, 0x23,
    0x20, 0x20, 0x23, 0x23, 0x23, 0x23, 0x23, 0x23, 0x0a, 0x23, 0x20, 0x20,
    0x20, 0x20, 0x20, 0x20, 0x20, 0x20, 0x23, 0x20, 0x20, 0x20, 0x20, 0x23,
    0x20, 0x20, 0x23, 0x20, 0x20, 0x20, 0x20, 0x20, 0x0a, 0x23, 0x23, 0x23,
    0x23, 0x23, 0x23, 0x23, 0x23, 0x23, 0x23, 0x20, 0x20, 0x20, 0x20, 0x23,
    0x23, 0x23, 0x23, 0x20, 0x20, 0x20, 0x20, 0x20, 0x0a, 0x3b, 0x0a, 0x23,
    0x23, 0x23, 0x23, 0x23, 0x23, 0x23, 0x23, 0x23, 0x20, 0x20, 0x20, 0x20,
    0x20, 0x20, 0x0a, 0x23, 0x20, 0x20, 0x20, 0x20, 0x20, 0x20, 0x20, 0x23,
    0x20, 0x20, 0x20, 0x20, 0x20, 0x20, 0x0a, 0x23, 0x20, 0x20, 0x20, 0x20,
    0x20, 0x20, 0x20, 0x23, 0x23, 0x23, 0x23, 0x20, 0x20, 0x20, 0x0a, 0x23,
    0x23, 0x20, 0x23, 0x23, 0x23, 0x23, 0x20, 0x23, 0x20, 0x20, 0x23, 0x20,
    0x20, 0x20, 0x0a, 0x23, 0x23, 0x20, 0x23, 0x40, 0x23, 0x23, 0x20, 0x20,
    0x20, 0x20, 0x23, 0x20, 0x20, 0x20, 0x0a, 0x23, 0x20, 0x24, 0x24, 0x24,
    0x20, 0x24, 0x20, 0x20, 0x24, 0x24, 0x23, 0x20, 0x20, 0x20, 0x0a, 0x23,
    0x20, 0x20, 0x23, 0x20, 0x23, 0x23, 0x20, 0x24, 0x20, 0x20, 0x23, 0x20,
    0x20, 0x20, 0x0a, 0x23, 0x20, 0x20, 0x23, 0x20, 0x23, 0x23, 0x20, 0x20,
    0x24, 0x20, 0x23, 0x23, 0x23, 0x23, 0x0a, 0x23, 0x23, 0x23, 0x23, 0x20,
    0x20, 0x24, 0x24, 0x24, 0x20, 0x24, 0x23, 0x20, 0x20, 0x23, 0x0a, 0x20,
    0x23, 0x20, 0x20, 0x20, 0x23, 0x23, 0x20, 0x20, 0x20, 0x2e, 0x2e, 0x2e,
    0x2e, 0x23, 0x0a, 0x20, 0x23, 0x20, 0x23, 0x20, 0x20, 0x20, 0x23, 0x20,
    0x23, 0x2e, 0x2e, 0x20, 0x2e, 0x23, 0x0a, 0x20, 0x23, 0x20, 0x20, 0x20,
    0x23, 0x20, 0x23, 0x20, 0x23, 0x23, 0x2e, 0x2e, 0x2e, 0x23, 0x0a, 0x20,
    0x23, 0x23, 0x23, 0x23, 0x23, 0x20, 0x24, 0x20, 0x20, 0x23, 0x2e, 0x2e,
    0x2e, 0x23, 0x0a, 0x20, 0x20, 0x20, 0x20, 0x20, 0x23, 0x23, 0x20, 0x20,
    0x20, 0x23, 0x23, 0x23, 0x23, 0x23, 0x0a, 0x20, 0x20, 0x20, 0x20, 0x20,
    0x20, 0x23, 0x23, 0x23, 0x23, 0x23, 0x20, 0x20, 0x20, 0x20, 0x0a, 0x3b,
    0x0a, 0x20, 0x23, 0x23, 0x23, 0x23, 0x23, 0x23, 0x23, 0x23, 0x23, 0x23,
    0x23, 0x23, 0x23, 0x23, 0x23, 0x23, 0x23, 0x20, 0x20, 0x20, 0x20, 0x20,
    0x0a, 0x20, 0x23, 0x2e, 0x2e, 0x2e, 0x20, 0x20, 0x20, 0x23, 0x20, 0x20,
    0x20, 0x20, 0x23, 0x20, 0x20, 0x20, 0x23, 0x23, 0x23, 0x20, 0x20, 0x20,
    0x0a, 0x23, 0x23, 0x2e, 0x2e, 0x2e, 0x2e, 0x2e, 0x20, 0x20, 0x24, 0x23,
    0x23, 0x20, 0x23, 0x20, 0x23, 0x20, 0x24, 0x20, 0x23, 0x20, 0x20, 0x20,
    0x0a, 0x23, 0x2e, 0x2e, 0x2e, 0x2e, 0x2e, 0x2e, 0x23, 0x20, 0x20, 0x24,
    0x20, 0x20, 0x23, 0x20, 0x20, 0x24, 0x20, 0x20, 0x23, 0x20, 0x20, 0x20,
    0x0a, 0x23, 0x2e, 0x2e, 0x2e, 0x2e, 0x2e, 0x2e, 0x23, 0x20, 0x20, 0x23,
    0x20, 0x20, 0x23, 0x20, 0x23, 0x20, 0x23, 0x20, 0x23, 0x23, 0x20, 0x20,
    0x0a, 0x23, 0x23, 0x23, 0x23, 0x23, 0x23, 0x23, 0x23, 0x23, 0x20, 0x24,
    0x20, 0x20, 0x24, 0x20, 0x23, 0x20, 0x23, 0x20, 0x20, 0x23, 0x23, 0x23,
    0x0a, 0x20, 0x20, 0x23, 0x20, 0x20, 0x20, 0x20, 0x20, 0x23, 0x24, 0x23,
    0x23, 0x24, 0x20, 0x23, 0x23, 0x20, 0x23, 0x23, 0x20, 0x20, 0x20, 0x23,
    0x0a, 0x20, 0x23, 0x23, 0x20, 0x20, 0x20, 0x24, 0x20, 0x20, 0x20, 0x20,
    0x23, 0x20, 0x24, 0x20, 0x20, 0x24, 0x20, 0x20, 0x20, 0x23, 0x20, 0x23,
    0x0a, 0x20, 0x23, 0x20, 0x20, 0x23, 0x23, 0x20, 0x23, 0x23, 0x23, 0x20,
    0x23, 0x20, 0x20, 0x23, 0x23, 0x23, 0x23, 0x23, 0x24, 0x23, 0x20, 0x23,
    0x0a, 0x20, 0x23, 0x20, 0x24, 0x20, 0x24, 0x24, 0x20, 0x20, 0x20, 0x20,
    0x20, 0x24, 0x20, 0x20, 0x20, 0x24, 0x20, 0x20, 0x20, 0x20, 0x20, 0x23,
    0x0a, 0x20, 0x23, 0x20, 0x24, 0x20, 0x20, 0x20, 0x20, 0x24, 0x23, 0x23,
    0x24, 0x20, 0x23, 0x23, 0x23, 0x23, 0x23, 0x23, 0x23, 0x23, 0x20, 0x23,
    0x0a, 0x20, 0x23, 0x23, 0x23, 0x23, 0x23, 0x23, 0x23, 0x20, 0x20, 0x40,
    0x20, 0x23, 0x23, 0x20, 0x20, 0x20, 0x20, 0x20, 0x20, 0x23, 0x23, 0x23,
    0x0a, 0x20, 0x20, 0x20, 0x20, 0x20, 0x20, 0x20, 0x23, 0x23, 0x23, 0x23,
    0x23, 0x23, 0x20, 0x20, 0x20, 0x20, 0x20, 0x20, 0x20, 0x20, 0x20, 0x20,
    0x0a, 0x3b, 0x0a, 0x20, 0x20, 0x20, 0x20, 0x20, 0x23, 0x23, 0x23, 0x23,
    0x23, 0x23, 0x23, 0x20, 0x20, 0x20, 0x0a, 0x20, 0x20, 0x20, 0x20, 0x20,
    0x23, 0x40, 0x20, 0x23, 0x20, 0x20, 0x23, 0x20, 0x20, 0x20, 0x0a, 0x20,
    0x20, 0x20, 0x20, 0x20, 0x23, 0x20, 0x24, 0x20, 0x20, 0x20, 0x23, 0x20,
    0x20, 0x20, 0x0a, 0x20, 0x20, 0x20, 0x20, 0x23, 0x23, 0x23, 0x20, 0x23,
    0x23, 0x20, 0x23, 0x20, 0x20, 0x20, 0x0a, 0x20, 0x23, 0x23, 0x23, 0x23,
    0x20, 0x24, 0x20, 0x20, 0x23, 0x20, 0x23, 0x23, 0x20, 0x20, 0x0a, 0x20,
    0x23, 0x20, 0x20, 0x20, 0x20, 0x20, 0x20, 0x20, 0x23, 0x20, 0x20, 0x23,
    0x23, 0x20, 0x0a, 0x20, 0x23, 0x20, 0x24, 0x20, 0x24, 0x23, 0x23, 0x23,
    0x23, 0x20, 0x24, 0x20, 0x23, 0x20, 0x0a, 0x20, 0x23, 0x20, 0x24, 0x24,
    0x20, 0x23, 0x20, 0x20, 0x23, 0x20, 0x20, 0x24, 0x23, 0x20, 0x0a, 0x20,
    0x23, 0x24, 0x20, 0x20, 0x24, 0x20, 0x20, 0x20, 0x23, 0x24, 0x20, 0x20,
    0x23, 0x20, 0x0a, 0x23, 0x23, 0x20, 0x20, 0x24, 0x24, 0x23, 0x20, 0x20,
    0x20, 0x24, 0x24, 0x20, 0x23, 0x23, 0x0a, 0x23, 0x20, 0x24, 0x24, 0x20,
    0x20, 0x23, 0x20, 0x20, 0x23, 0x20, 0x20, 0x24, 0x20, 0x23, 0x0a, 0x23,
    0x20, 0x20, 0x20, 0x20, 0x20, 0x23, 0x23, 0x23, 0x23, 0x20, 0x24, 0x20,
    0x20, 0x23, 0x0a, 0x23, 0x20, 0x20, 0x23, 0x24, 0x23, 0x23, 0x2e, 0x2e,
    0x23, 0x23, 0x20, 0x20, 0x20, 0x23, 0x0a, 0x23, 0x23, 0x23, 0x20, 0x2e,
    0x23, 0x2e, 0x2e, 0x2e, 0x2e, 0x23, 0x23, 0x23, 0x23, 0x23, 0x0a, 0x20,
    0x20, 0x23, 0x20, 0x2e, 0x2e, 0x2e, 0x2e, 0x2e, 0x2e, 0x2e, 0x23, 0x23,
    0x20, 0x20, 0x0a, 0x20, 0x20, 0x23, 0x2e, 0x2e, 0x2e, 0x2e, 0x20, 0x20,
    0x20, 0x2e, 0x2e, 0x23, 0x20, 0x20, 0x0a, 0x20, 0x20, 0x23, 0x23, 0x23,
    0x23, 0x23, 0x23, 0x23, 0x23, 0x23, 0x23, 0x23, 0x20, 0x20, 0x0a, 0x3b,
    0x0a, 0x20, 0x20, 0x20, 0x20, 0x20, 0x20, 0x20, 0x20, 0x20, 0x20, 0x20,
    0x20, 0x20, 0x20, 0x20, 0x20, 0x23, 0x23, 0x23, 0x23, 0x23, 0x20, 0x20,
    0x20, 0x0a, 0x20, 0x20, 0x20, 0x20, 0x20, 0x20, 0x20, 0x23, 0x23, 0x23,
    0x23, 0x23, 0x23, 0x20, 0x23, 0x23, 0x23, 0x20, 0x20, 0x20, 0x23, 0x23,
    0x23, 0x23, 0x0a, 0x20, 0x20, 0x20, 0x23, 0x23, 0x23, 0x23, 0x23, 0x20,
    0x20, 0x20, 0x20, 0x23, 0x23, 0x23, 0x20, 0x24, 0x20, 0x24, 0x20, 0x20,
    0x24, 0x20, 0x23, 0x0a, 0x23, 0x23, 0x23, 0x23, 0x20, 0x20, 0x23, 0x23,
    0x20, 0x23, 0x24, 0x20, 0x24, 0x20, 0x20, 0x20, 0x20, 0x24, 0x20, 0x23,
    0x20, 0x20, 0x20, 0x23, 0x0a, 0x23, 0x2e, 0x2e, 0x2e, 0x2e, 0x20, 0x20,
    0x20, 0x24, 0x24, 0x20, 0x24, 0x20, 0x24, 0x20, 0x20, 0x24, 0x20, 0x20,
    0x20, 0x23, 0x24, 0x23, 0x23, 0x0a, 0x23, 0x2e, 0x2e, 0x20, 0x23, 0x20,
    0x23, 0x23, 0x20, 0x23, 0x20, 0x20, 0x20, 0x23, 0x23, 0x23, 0x24, 0x23,
    0x23, 0x20, 0x23, 0x20, 0x20, 0x23, 0x0a, 0x23, 0x2e, 0x2e, 0x2e, 0x2e,
    0x20, 0x20, 0x20, 0x20, 0x23, 0x20, 0x23, 0x23, 0x23, 0x20, 0x20, 0x20,
    0x20, 0x23, 0x20, 0x20, 0x20, 0x20, 0x23, 0x0a, 0x23, 0x2e, 0x2e, 0x2e,
    0x2e, 0x20, 0x20, 0x20, 0x20, 0x23, 0x20, 0x23, 0x23, 0x20, 0x20, 0x24,
    0x20, 0x20, 0x23, 0x23, 0x23, 0x24, 0x20, 0x23, 0x0a, 0x23, 0x2e, 0x2e,
    0x23, 0x23, 0x23, 0x23, 0x23, 0x23, 0x20, 0x20, 0x24, 0x20, 0x20, 0x23,
    0x20, 0x20, 0x23, 0x23, 0x23, 0x23, 0x20, 0x23, 0x23, 0x0a, 0x23, 0x23,
    0x23, 0x23, 0x20, 0x20, 0x20, 0x20, 0x23, 0x20, 0x20, 0x20, 0x23, 0x23,
    0x23, 0x20, 0x20, 0x20, 0x20, 0x40, 0x20, 0x20, 0x23, 0x20, 0x0a, 0x20,
    0x20, 0x20, 0x20, 0x20, 0x20, 0x20, 0x20, 0x23, 0x23, 0x23, 0x23, 0x23,
    0x23, 0x23, 0x23, 0x23, 0x23, 0x23, 0x23, 0x23, 0x23, 0x23, 0x20, 0x0a,
    0x3b, 0x0a, 0x20, 0x23, 0x23, 0x23, 0x23, 0x23, 0x20, 0x20, 0x20, 0x20,
    0x20, 0x20, 0x20, 0x20, 0x0a, 0x20, 0x23, 0x20, 0x20, 0x20, 0x23, 0x23,
    0x23, 0x23, 0x23, 0x23, 0x23, 0x20, 0x20, 0x0a, 0x20, 0x23, 0x20, 0x24,
    0x20, 0x23, 0x23, 0x23, 0x20, 0x20, 0x20, 0x23, 0x20, 0x20, 0x0a, 0x20,
    0x23, 0x20, 0x24, 0x20, 0x20, 0x20, 0x20, 0x24, 0x24, 0x20, 0x23, 0x20,
    0x20, 0x0a, 0x20, 0x23, 0x23, 0x20, 0x23, 0x23, 0x23, 0x23, 0x20, 0x20,
    0x20, 0x23, 0x20, 0x20, 0x0a, 0x23, 0x23, 0x23, 0x20, 0x23, 0x20, 0x20,
    0x23, 0x20, 0x23, 0x23, 0x23, 0x20, 0x20, 0x0a, 0x23, 0x20, 0x20, 0x20,
    0x23, 0x20, 0x20, 0x23, 0x40, 0x23, 0x23, 0x20, 0x20, 0x20, 0x0a, 0x23,
    0x20, 0x24, 0x24, 0x20, 0x20, 0x20, 0x20, 0x24, 0x20, 0x23, 0x20, 0x20,
    0x20, 0x0a, 0x23, 0x20, 0x20, 0x20, 0x23, 0x20, 0x23, 0x20, 0x24, 0x20,
    0x23, 0x23, 0x23, 0x23, 0x0a, 0x23, 0x23, 0x23, 0x23, 0x23, 0x20, 0x23,
    0x20, 0x20, 0x20, 0x23, 0x20, 0x20, 0x23, 0x0a, 0x20, 0x23, 0x20, 0x20,
    0x20, 0x24, 0x23, 0x23, 0x23, 0x23, 0x20, 0x20, 0x20, 0x23, 0x0a, 0x20,
    0x23, 0x20, 0x20, 0x24, 0x20, 0x20, 0x20, 0x20, 0x20, 0x24, 0x20, 0x20,
    0x23, 0x0a, 0x20, 0x23, 0x23, 0x20, 0x20, 0x20, 0x23, 0x23, 0x23, 0x23,
    0x23, 0x20, 0x23, 0x23, 0x0a, 0x20, 0x23, 0x23, 0x23, 0x23, 0x23, 0x23,
    0x23, 0x23, 0x23, 0x23, 0x20, 0x20, 0x23, 0x0a, 0x23, 0x23, 0x2e, 0x2e,
    0x2e, 0x2e, 0x23, 0x20, 0x24, 0x20, 0x20, 0x24, 0x20, 0x23, 0x0a, 0x23,
    0x2e, 0x2e, 0x2e, 0x2e, 0x2e, 0x23, 0x20, 0x24, 0x24, 0x23, 0x20, 0x20,
    0x23, 0x0a, 0x23, 0x2e, 0x2e, 0x20, 0x2e, 0x2e, 0x23, 0x20, 0x24, 0x20,
    0x20, 0x24, 0x20, 0x23, 0x0a, 0x23, 0x2e, 0x2e, 0x2e, 0x2e, 0x2e, 0x24,
    0x20, 0x20, 0x20, 0x23, 0x20, 0x20, 0x23, 0x0a, 0x23, 0x23, 0x20, 0x20,
    0x23, 0x23, 0x23, 0x23, 0x23, 0x23, 0x23, 0x23, 0x23, 0x23, 0x0a, 0x20,
    0x23, 0x23, 0x23, 0x23, 0x20, 0x20, 0x20, 0x20, 0x20, 0x20, 0x20, 0x20,
    0x20, 0x0a, 0x3b, 0x0a, 0x20, 0x23, 0x23, 0x23, 0x23, 0x23, 0x23, 0x23,
    0x20, 0x20, 0x20, 0x20, 0x20, 0x20, 0x20, 0x0a, 0x20, 0x23, 0x20, 0x20,
    0x23, 0x20, 0x20, 0x23, 0x23, 0x23, 0x23, 0x23, 0x20, 0x20, 0x20, 0x0a,
    0x23, 0x23, 0x20, 0x20, 0x23, 0x20, 0x20, 0x23, 0x2e, 0x2e, 0x2e, 0x23,
    0x23, 0x23, 0x20, 0x0a, 0x23, 0x20, 0x20, 0x24, 0x23, 0x20, 0x20, 0x23,
    0x2e, 0x2e, 0x2e, 0x20, 0x20, 0x23, 0x20, 0x0a, 0x23, 0x20, 0x24, 0x20,
    0x23, 0x24, 0x24, 0x20, 0x2e, 0x2e, 0x2e, 0x20, 0x20, 0x23, 0x20, 0x0a,
    0x23, 0x20, 0x20, 0x24, 0x23, 0x20, 0x20, 0x23, 0x2e, 0x2e, 0x2e, 0x20,
    0x2e, 0x23, 0x20, 0x0a, 0x23, 0x20, 0x20, 0x20, 0x23, 0x20, 0x24, 0x23,
    0x23, 0x23, 0x23, 0x23, 0x23, 0x23, 0x23, 0x0a, 0x23, 0x23, 0x24, 0x20,
    0x20, 0x20, 0x20, 0x20, 0x20, 0x20, 0x24, 0x20, 0x24, 0x20, 0x23, 0x0a,
    0x23, 0x23, 0x20, 0x20, 0x23, 0x20, 0x20, 0x24, 0x24, 0x20, 0x23, 0x20,
    0x20, 0x20, 0x23, 0x0a, 0x20, 0x23, 0x23, 0x23, 0x23, 0x23, 0x23, 0x20,
    0x20, 0x23, 0x23, 0x24, 0x24, 0x40, 0x23, 0x0a, 0x20, 0x20, 0x20, 0x20,
    0x20, 0x20, 0x23, 0x20, 0x20, 0x20, 0x20, 0x20, 0x20, 0x23, 0x23, 0x0a,
    0x20, 0x20, 0x20, 0x20, 0x20, 0x20, 0x23, 0x23, 0x23, 0x23, 0x23, 0x23,
    0x23, 0x23, 0x20, 0x0a, 0x3b, 0x0a, 0x20, 0x20, 0x23, 0x23, 0x23, 0x23,
    0x20, 0x20, 0x20, 0x20, 0x20, 0x20, 0x20, 0x20, 0x20, 0x20, 0x20, 0x20,
    0x0a, 0x20, 0x20, 0x23, 0x20, 0x20, 0x23, 0x23, 0x23, 0x23, 0x23, 0x23,
    0x23, 0x23, 0x23, 0x20, 0x20, 0x20, 0x20, 0x0a, 0x20, 0x23, 0x23, 0x20,
    0x20, 0x23, 0x23, 0x20, 0x40, 0x23, 0x20, 0x20, 0x20, 0x23, 0x20, 0x20,
    0x20, 0x20, 0x0a, 0x20, 0x23, 0x20, 0x20, 0x24, 0x23, 0x20, 0x24, 0x20,
    0x24, 0x20, 0x20, 0x20, 0x23, 0x23, 0x23, 0x23, 0x20, 0x0a, 0x20, 0x23,
    0x24, 0x20, 0x20, 0x24, 0x20, 0x20, 0x23, 0x20, 0x24, 0x20, 0x24, 0x23,
    0x20, 0x20, 0x23, 0x23, 0x0a, 0x23, 0x23, 0x20, 0x20, 0x24, 0x23, 0x23,
    0x20, 0x23, 0x24, 0x20, 0x24, 0x20, 0x20, 0x20, 0x20, 0x20, 0x23, 0x0a,
    0x23, 0x20, 0x20, 0x23, 0x20, 0x20, 0x23, 0x20, 0x23, 0x20, 0x20, 0x20,
    0x24, 0x24, 0x24, 0x20, 0x20, 0x23, 0x0a, 0x23, 0x20, 0x24, 0x20, 0x20,
    0x20, 0x20, 0x24, 0x20, 0x20, 0x24, 0x23, 0x23, 0x20, 0x23, 0x23, 0x23,
    0x23, 0x0a, 0x23, 0x20, 0x24, 0x20, 0x24, 0x20, 0x23, 0x24, 0x23, 0x20,
    0x20, 0x23, 0x20, 0x20, 0x23, 0x20, 0x20, 0x20, 0x0a, 0x23, 0x23, 0x20,
    0x20, 0x23, 0x23, 0x23, 0x20, 0x20, 0x23, 0x23, 0x23, 0x24, 0x20, 0x23,
    0x20, 0x20, 0x20, 0x0a, 0x20, 0x23, 0x20, 0x20, 0x23, 0x2e, 0x2e, 0x2e,
    0x2e, 0x20, 0x20, 0x20, 0x20, 0x20, 0x23, 0x20, 0x20, 0x20, 0x0a, 0x20,
    0x23, 0x23, 0x23, 0x23, 0x2e, 0x2e, 0x2e, 0x2e, 0x2e, 0x2e, 0x23, 0x23,
    0x23, 0x23, 0x20, 0x20, 0x20, 0x0a, 0x20, 0x20, 0x20, 0x23, 0x2e, 0x2e,
    0x2e, 0x2e, 0x23, 0x23, 0x23, 0x23, 0x20, 0x20, 0x20, 0x20, 0x20, 0x20,
    0x0a, 0x20, 0x20, 0x20, 0x23, 0x2e, 0x2e, 0x2e, 0x23, 0x23, 0x20, 0x20,
    0x20, 0x20, 0x20, 0x20, 0x20, 0x20, 0x20, 0x0a, 0x20, 0x20, 0x20, 0x23,
    0x2e, 0x2e, 0x2e, 0x23, 0x20, 0x20, 0x20, 0x20, 0x20, 0x20, 0x20, 0x20,
    0x20, 0x20, 0x0a, 0x20, 0x20, 0x20, 0x23, 0x23, 0x23, 0x23, 0x23, 0x20,
    0x20, 0x20, 0x20, 0x20, 0x20, 0x20, 0x20, 0x20, 0x20, 0x0a, 0x3b, 0x0a,
    0x20, 0x20, 0x20, 0x20, 0x20, 0x20, 0x23, 0x23, 0x23, 0x23, 0x20, 0x20,
    0x20, 0x0a, 0x20, 0x20, 0x23, 0x23, 0x23, 0x23, 0x23, 0x20, 0x20, 0x23,
    0x20, 0x20, 0x20, 0x0a, 0x20, 0x23, 0x23, 0x20, 0x20, 0x20, 0x20, 0x20,
    0x24, 0x23, 0x20, 0x20, 0x20, 0x0a, 0x23, 0x23, 0x20, 0x24, 0x20, 0x20,
    0x23, 0x23, 0x20, 0x23, 0x23, 0x23, 0x20, 0x0a, 0x23, 0x40, 0x24, 0x20,
    0x24, 0x20, 0x23, 0x20, 0x24, 0x20, 0x20, 0x23, 0x20, 0x0a, 0x23, 0x23,
    0x23, 0x23, 0x20, 0x23, 0x23, 0x20, 0x20, 0x20, 0x24, 0x23, 0x20, 0x0a,
    0x20, 0x23, 0x2e, 0x2e, 0x2e, 0x2e, 0x23, 0x24, 0x20, 0x24, 0x20, 0x23,
    0x20, 0x0a, 0x20, 0x23, 0x2e, 0x2e, 0x2e, 0x2e, 0x23, 0x20, 0x20, 0x20,
    0x24, 0x23, 0x20, 0x0a, 0x20, 0x23, 0x2e, 0x2e, 0x2e, 0x2e, 0x20, 0x20,
    0x24, 0x24, 0x20, 0x23, 0x23, 0x0a, 0x20, 0x23, 0x2e, 0x2e, 0x2e, 0x20,
    0x23, 0x20, 0x24, 0x20, 0x20, 0x20, 0x23, 0x0a, 0x20, 0x23, 0x23, 0x23,
    0x23, 0x23, 0x23, 0x24, 0x20, 0x24, 0x20, 0x20, 0x23, 0x0a, 0x20, 0x20,
    0x20, 0x20, 0x20, 0x20, 0x23, 0x20, 0x20, 0x20, 0x23, 0x23, 0x23, 0x0a,
    0x20, 0x20, 0x20, 0x20, 0x20, 0x20, 0x23, 0x24, 0x20, 0x23, 0x23, 0x23,
    0x20, 0x0a, 0x20, 0x20, 0x20, 0x20, 0x20, 0x20, 0x23, 0x20, 0x20, 0x23,
    0x20, 0x20, 0x20, 0x0a, 0x20, 0x20, 0x20, 0x20, 0x20, 0x20, 0x23, 0x23,
    0x23, 0x23, 0x20, 0x20, 0x20, 0x0a, 0x3b, 0x0a, 0x23, 0x23, 0x23, 0x23,
    0x23, 0x23, 0x23, 0x23, 0x23, 0x23, 0x23, 0x23, 0x0a, 0x23, 0x23, 0x20,
    0x20, 0x20, 0x20, 0x20, 0x23, 0x23, 0x20, 0x20, 0x23, 0x0a, 0x23, 0x23,
    0x20, 0x20, 0x20, 0x24, 0x20, 0x20, 0x20, 0x24, 0x20, 0x23, 0x0a, 0x23,
    0x23, 0x23, 0x23, 0x20, 0x23, 0x23, 0x20, 0x24, 0x24, 0x20, 0x23, 0x0a,
    0x23, 0x20, 0x20, 0x20, 0x24, 0x20, 0x23, 0x20, 0x20, 0x20, 0x20, 0x23,
    0x0a, 0x23, 0x20, 0x24, 0x24, 0x24, 0x20, 0x23, 0x20, 0x23, 0x23, 0x23,
    0x23, 0x0a, 0x23, 0x20, 0x20, 0x20, 0x23, 0x20, 0x23, 0x20, 0x24, 0x20,
    0x23, 0x23, 0x0a, 0x23, 0x20, 0x20, 0x23, 0x20, 0x20, 0x23, 0x20, 0x20,
    0x24, 0x20, 0x23, 0x0a, 0x23, 0x20, 0x24, 0x23, 0x20, 0x24, 0x23, 0x20,
    0x20, 0x20, 0x20, 0x23, 0x0a, 0x23, 0x20, 0x20, 0x20, 0x2e, 0x2e, 0x23,
    0x20, 0x23, 0x23, 0x23, 0x23, 0x0a, 0x23, 0x23, 0x23, 0x23, 0x2e, 0x2e,
    0x20, 0x24, 0x20, 0x23, 0x40, 0x23, 0x0a, 0x23, 0x2e, 0x2e, 0x2e, 0x2e,
    0x2e, 0x23, 0x20, 0x24, 0x23, 0x20, 0x23, 0x0a, 0x23, 0x23, 0x2e, 0x2e,
    0x2e, 0x2e, 0x23, 0x20, 0x20, 0x24, 0x20, 0x23, 0x0a, 0x23, 0x23, 0x23,
    0x2e, 0x2e, 0x23, 0x23, 0x20, 0x20, 0x20, 0x20, 0x23, 0x0a, 0x23, 0x23,
    0x23, 0x23, 0x23, 0x23, 0x23, 0x23, 0x23, 0x23, 0x23, 0x23, 0x0a, 0x3b,
    0x0a, 0x23, 0x23, 0x23, 0x23, 0x23, 0x23, 0x23, 0x23, 0x23, 0x23, 0x23,
    0x23, 0x20, 0x20, 0x23, 0x23, 0x23, 0x23, 0x23, 0x23, 0x0a, 0x23, 0x20,
    0x20, 0x20, 0x23, 0x20, 0x20, 0x20, 0x20, 0x23, 0x40, 0x23, 0x23, 0x23,
    0x23, 0x2e, 0x2e, 0x2e, 0x2e, 0x23, 0x0a, 0x23, 0x20, 0x20, 0x20, 0x24,
    0x24, 0x23, 0x20, 0x20, 0x20, 0x20, 0x20, 0x20, 0x20, 0x2e, 0x2e, 0x2e,
    0x2e, 0x2e, 0x23, 0x0a, 0x23, 0x20, 0x20, 0x20, 0x23, 0x20, 0x23, 0x23,
    0x23, 0x20, 0x20, 0x20, 0x23, 0x23, 0x20, 0x2e, 0x2e, 0x2e, 0x2e, 0x23,
    0x0a, 0x23, 0x23, 0x20, 0x23, 0x23, 0x20, 0x23, 0x23, 0x23, 0x20, 0x20,
    0x23, 0x20, 0x20, 0x20, 0x2e, 0x2e, 0x2e, 0x2e, 0x23, 0x0a, 0x20, 0x23,
    0x20, 0x24, 0x20, 0x24, 0x20, 0x20, 0x20, 0x20, 0x20, 0x23, 0x20, 0x23,
    0x23, 0x20, 0x23, 0x23, 0x23, 0x23, 0x0a, 0x20, 0x23, 0x20, 0x20, 0x24,
    0x20, 0x24, 0x23, 0x23, 0x20, 0x20, 0x23, 0x20, 0x20, 0x20, 0x20, 0x20,
    0x20, 0x20, 0x23, 0x0a, 0x23, 0x23, 0x23, 0x23, 0x20, 0x23, 0x20, 0x20,
    0x23, 0x23, 0x23, 0x23, 0x20, 0x23, 0x23, 0x20, 0x23, 0x23, 0x20, 0x23,
    0x0a, 0x23, 0x20, 0x20, 0x23, 0x20, 0x23, 0x24, 0x20, 0x20, 0x20, 0x23,
    0x23, 0x20, 0x23, 0x23, 0x20, 0x20, 0x20, 0x20, 0x23, 0x0a, 0x23, 0x20,
    0x24, 0x20, 0x20, 0x24, 0x20, 0x20, 0x23, 0x20, 0x23, 0x23, 0x20, 0x23,
    0x23, 0x23, 0x23, 0x23, 0x23, 0x23, 0x0a, 0x23, 0x20, 0x23, 0x20, 0x24,
    0x20, 0x24, 0x20, 0x20, 0x20, 0x20, 0x23, 0x20, 0x23, 0x20, 0x20, 0x20,
    0x20, 0x20, 0x20, 0x0a, 0x23, 0x20, 0x20, 0x24, 0x20, 0x23, 0x23, 0x20,
    0x23, 0x23, 0x20, 0x23, 0x20, 0x23, 0x20, 0x20, 0x20, 0x20, 0x20, 0x20,
    0x0a, 0x23, 0x20, 0x24, 0x24, 0x20, 0x20, 0x20, 0x20, 0x20, 0x24, 0x24,
    0x20, 0x20, 0x23, 0x20, 0x20, 0x20, 0x20, 0x20, 0x20, 0x0a, 0x23, 0x23,
    0x20, 0x23, 0x23, 0x20, 0x23, 0x23, 0x23, 0x20, 0x24, 0x20, 0x20, 0x23,
    0x20, 0x20, 0x20, 0x20, 0x20, 0x20, 0x0a, 0x20, 0x23, 0x20, 0x20, 0x20,
    0x20, 0x23, 0x20, 0x23, 0x20, 0x20, 0x20, 0x20, 0x23, 0x20, 0x20, 0x20,
    0x20, 0x20, 0x20, 0x0a, 0x20, 0x23, 0x23, 0x23, 0x23, 0x23, 0x23, 0x20,
    0x23, 0x23, 0x23, 0x23, 0x23, 0x23, 0x20, 0x20, 0x20, 0x20, 0x20, 0x20,
    0x0a, 0x3b, 0x0a, 0x20, 0x20, 0x20, 0x20, 0x20, 0x23, 0x23, 0x23, 0x23,
    0x20, 0x20, 0x20, 0x20, 0x20, 0x20, 0x20, 0x20, 0x20, 0x0a, 0x20, 0x20,
    0x20, 0x23, 0x23, 0x23, 0x20, 0x20, 0x23, 0x23, 0x20, 0x20, 0x20, 0x20,
    0x20, 0x20, 0x20, 0x20, 0x0a, 0x23, 0x23, 0x23, 0x23, 0x20, 0x20, 0x24,
    0x20, 0x20, 0x23, 0x20, 0x20, 0x20, 0x20, 0x20, 0x20, 0x20, 0x20, 0x0a,
    0x23, 0x20, 0x20, 0x20, 0x24, 0x20, 0x24, 0x20, 0x20, 0x23, 0x23, 0x23,
    0x23, 0x20, 0x20, 0x20, 0x20, 0x20, 0x0a, 0x23, 0x20, 0x24, 0x20, 0x20,
    0x20, 0x23, 0x20, 0x24, 0x20, 0x20, 0x20, 0x23, 0x20, 0x23, 0x23, 0x23,
    0x23, 0x0a, 0x23, 0x20, 0x20, 0x23, 0x20, 0x20, 0x23, 0x20, 0x20, 0x20,
    0x24, 0x20, 0x23, 0x20, 0x23, 0x2e, 0x2e, 0x23, 0x0a, 0x23, 0x23, 0x24,
    0x23, 0x24, 0x20, 0x23, 0x23, 0x23, 0x23, 0x24, 0x23, 0x23, 0x23, 0x23,
    0x2e, 0x2e, 0x23, 0x0a, 0x20, 0x23, 0x20, 0x20, 0x20, 0x23, 0x23, 0x23,
    0x23, 0x23, 0x20, 0x23, 0x23, 0x20, 0x2e, 0x2e, 0x2e, 0x23, 0x0a, 0x20,
    0x23, 0x24, 0x23, 0x20, 0x23, 0x23, 0x40, 0x23, 0x23, 0x20, 0x23, 0x23,
    0x20, 0x20, 0x2e, 0x2e, 0x23, 0x0a, 0x20, 0x23, 0x20, 0x23, 0x20, 0x20,
    0x20, 0x20, 0x24, 0x20, 0x20, 0x20, 0x20, 0x20, 0x2e, 0x2e, 0x2e, 0x23,
    0x0a, 0x20, 0x23, 0x20, 0x20, 0x20, 0x23, 0x23, 0x23, 0x23, 0x20, 0x23,
    0x23, 0x23, 0x20, 0x20, 0x2e, 0x2e, 0x23, 0x0a, 0x20, 0x23, 0x23, 0x23,
    0x20, 0x23, 0x23, 0x20, 0x23, 0x20, 0x20, 0x23, 0x23, 0x20, 0x2e, 0x2e,
    0x2e, 0x23, 0x0a, 0x20, 0x20, 0x23, 0x23, 0x24, 0x20, 0x23, 0x23, 0x23,
    0x23, 0x24, 0x20, 0x23, 0x23, 0x23, 0x2e, 0x2e, 0x23, 0x0a, 0x20, 0x20,
    0x23, 0x20, 0x20, 0x20, 0x23, 0x23, 0x20, 0x20, 0x20, 0x20, 0x23, 0x20,
    0x23, 0x2e, 0x2e, 0x23, 0x0a, 0x20, 0x23, 0x23, 0x20, 0x24, 0x24, 0x23,
    0x23, 0x20, 0x20, 0x24, 0x20, 0x23, 0x20, 0x23, 0x23, 0x23, 0x23, 0x0a,
    0x20, 0x23, 0x20, 0x20, 0x20, 0x20, 0x20, 0x24, 0x24, 0x24, 0x24, 0x20,
    0x23, 0x20, 0x20, 0x20, 0x20, 0x20, 0x0a, 0x20, 0x23, 0x20, 0x24, 0x20,
    0x23, 0x23, 0x23, 0x20, 0x20, 0x20, 0x20, 0x23, 0x20, 0x20, 0x20, 0x20,
    0x20, 0x0a, 0x20, 0x23, 0x20, 0x20, 0x20, 0x23, 0x20, 0x23, 0x23, 0x23,
    0x23, 0x23, 0x23, 0x20, 0x20, 0x20, 0x20, 0x20, 0x0a, 0x20, 0x23, 0x23,
    0x23, 0x23, 0x23, 0x20, 0x20, 0x20, 0x20, 0x20, 0x20, 0x20, 0x20, 0x20,
    0x20, 0x20, 0x20, 0x0a, 0x3b, 0x0a, 0x23, 0x23, 0x23, 0x23, 0x23, 0x23,
    0x23, 0x23, 0x23, 0x23, 0x23, 0x20, 0x20, 0x20, 0x20, 0x20, 0x20, 0x20,
    0x20, 0x20, 0x20, 0x0a, 0x23, 0x2e, 0x2e, 0x2e, 0x2e, 0x2e, 0x2e, 0x20,
    0x20, 0x20, 0x23, 0x23, 0x23, 0x23, 0x23, 0x23, 0x23, 0x23, 0x23, 0x20,
    0x20, 0x0a, 0x23, 0x2e, 0x2e, 0x2e, 0x2e, 0x2e, 0x2e, 0x20, 0x20, 0x20,
    0x23, 0x20, 0x20, 0x23, 0x23, 0x20, 0x20, 0x20, 0x23, 0x20, 0x20, 0x0a,
    0x23, 0x2e, 0x2e, 0x23, 0x23, 0x23, 0x20, 0x24, 0x20, 0x20, 0x20, 0x20,
    0x24, 0x20, 0x20, 0x20, 0x20, 0x20, 0x23, 0x20, 0x20, 0x0a, 0x23, 0x2e,
    0x2e, 0x2e, 0x20, 0x24, 0x20, 0x24, 0x20, 0x23, 0x20, 0x20, 0x23, 0x23,
    0x23, 0x20, 0x20, 0x20, 0x23, 0x20, 0x20, 0x0a, 0x23, 0x2e, 0x2e, 0x2e,
    0x23, 0x24, 0x23, 0x23, 0x23, 0x23, 0x23, 0x20, 0x20, 0x20, 0x20, 0x23,
    0x20, 0x20, 0x23, 0x20, 0x20, 0x0a, 0x23, 0x23, 0x23, 0x20, 0x20, 0x20,
    0x20, 0x23, 0x20, 0x20, 0x20, 0x23, 0x24, 0x20, 0x20, 0x23, 0x20, 0x24,
    0x23, 0x23, 0x23, 0x0a, 0x20, 0x20, 0x23, 0x20, 0x20, 0x24, 0x24, 0x20,
    0x24, 0x20, 0x24, 0x20, 0x20, 0x24, 0x23, 0x23, 0x20, 0x20, 0x24, 0x20,
    0x23, 0x0a, 0x20, 0x20, 0x23, 0x20, 0x20, 0x24, 0x20, 0x20, 0x20, 0x23,
    0x24, 0x23, 0x20, 0x20, 0x23, 0x23, 0x20, 0x20, 0x20, 0x20, 0x23, 0x0a,
    0x20, 0x20, 0x23, 0x23, 0x23, 0x20, 0x23, 0x23, 0x20, 0x23, 0x20, 0x20,
    0x24, 0x20, 0x23, 0x23, 0x23, 0x23, 0x23, 0x23, 0x23, 0x0a, 0x20, 0x20,
    0x20, 0x23, 0x20, 0x20, 0x24, 0x20, 0x24, 0x20, 0x23, 0x23, 0x20, 0x23,
    0x23, 0x20, 0x20, 0x20, 0x20, 0x20, 0x20, 0x0a, 0x20, 0x20, 0x20, 0x23,
    0x20, 0x20, 0x20, 0x20, 0x24, 0x20, 0x20, 0x24, 0x20, 0x20, 0x23, 0x20,
    0x20, 0x20, 0x20, 0x20, 0x20, 0x0a, 0x20, 0x20, 0x20, 0x23, 0x23, 0x20,
    0x20, 0x20, 0x23, 0x20, 0x23, 0x20, 0x20, 0x20, 0x23, 0x20, 0x20, 0x20,
    0x20, 0x20, 0x20, 0x0a, 0x20, 0x20, 0x20, 0x20, 0x23, 0x23, 0x23, 0x23,
    0x23, 0x40, 0x23, 0x23, 0x23, 0x23, 0x23, 0x20, 0x20, 0x20, 0x20, 0x20,
    0x20, 0x0a, 0x20, 0x20, 0x20, 0x20, 0x20, 0x20, 0x20, 0x20, 0x23, 0x23,
    0x23, 0x20, 0x20, 0x20, 0x20, 0x20, 0x20, 0x20, 0x20, 0x20, 0x20, 0x0a,
    0x3b, 0x0a, 0x20, 0x23, 0x23, 0x23, 0x23, 0x23, 0x23, 0x23, 0x23, 0x23,
    0x20, 0x20, 0x20, 0x20, 0x0a, 0x20, 0x23, 0x2e, 0x2e, 0x2e, 0x2e, 0x20,
    0x20, 0x20, 0x23, 0x23, 0x20, 0x20, 0x20, 0x0a, 0x20, 0x23, 0x2e, 0x23,
    0x2e, 0x23, 0x20, 0x20, 0x24, 0x20, 0x23, 0x23, 0x20, 0x20, 0x0a, 0x23,
    0x23, 0x2e, 0x2e, 0x2e, 0x2e, 0x23, 0x20, 0x23, 0x20, 0x40, 0x23, 0x23,
    0x20, 0x0a, 0x23, 0x20, 0x2e, 0x2e, 0x2e, 0x2e, 0x23, 0x20, 0x20, 0x23,
    0x20, 0x20, 0x23, 0x23, 0x0a, 0x23, 0x20, 0x20, 0x20, 0x20, 0x20, 0x23,
    0x24, 0x20, 0x23, 0x23, 0x24, 0x20, 0x23, 0x0a, 0x23, 0x23, 0x20, 0x23,
    0x23, 0x23, 0x20, 0x20, 0x24, 0x20, 0x20, 0x20, 0x20, 0x23, 0x0a, 0x20,
    0x23, 0x24, 0x20, 0x20, 0x24, 0x20, 0x24, 0x20, 0x24, 0x23, 0x20, 0x20,
    0x23, 0x0a, 0x20, 0x23, 0x20, 0x23, 0x20, 0x20, 0x24, 0x20, 0x24, 0x20,
    0x23, 0x23, 0x20, 0x23, 0x0a, 0x20, 0x23, 0x20, 0x20, 0x23, 0x23, 0x23,
    0x20, 0x20, 0x23, 0x23, 0x20, 0x20, 0x23, 0x0a, 0x20, 0x23, 0x20, 0x20,
    0x20, 0x20, 0x23, 0x23, 0x20, 0x23, 0x23, 0x20, 0x23, 0x23, 0x0a, 0x20,
    0x23, 0x20, 0x20, 0x24, 0x20, 0x23, 0x20, 0x20, 0x24, 0x20, 0x20, 0x23,
    0x20, 0x0a, 0x20, 0x23, 0x23, 0x23, 0x24, 0x20, 0x24, 0x20, 0x20, 0x20,
    0x23, 0x23, 0x23, 0x20, 0x0a, 0x20, 0x20, 0x20, 0x23, 0x20, 0x20, 0x23,
    0x23, 0x23, 0x23, 0x23, 0x20, 0x20, 0x20, 0x0a, 0x20, 0x20, 0x20, 0x23,
    0x23, 0x23, 0x23, 0x20, 0x20, 0x20, 0x20, 0x20, 0x20, 0x20, 0x0a, 0x3b,
    0x0a, 0x20, 0x20, 0x20, 0x20, 0x20, 0x20, 0x20, 0x20, 0x20, 0x20, 0x20,
    0x20, 0x20, 0x20, 0x23, 0x23, 0x23, 0x20, 0x20, 0x20, 0x20, 0x20, 0x20,
    0x0a, 0x20, 0x20, 0x20, 0x20, 0x20, 0x20, 0x20, 0x20, 0x20, 0x20, 0x20,
    0x20, 0x20, 0x23, 0x23, 0x2e, 0x23, 0x23, 0x23, 0x20, 0x20, 0x20, 0x20,
    0x0a, 0x20, 0x20, 0x20, 0x20, 0x20, 0x20, 0x20, 0x20, 0x20, 0x20, 0x20,
    0x20, 0x20, 0x23, 0x2e, 0x2e, 0x2e, 0x2e, 0x23, 0x20, 0x20, 0x20, 0x20,
    0x0a, 0x20, 0x23, 0x23, 0x23, 0x23, 0x23, 0x23, 0x23, 0x23, 0x23, 0x23,
    0x23, 0x23, 0x23, 0x2e, 0x2e, 0x2e, 0x2e, 0x23, 0x20, 0x20, 0x20, 0x20,
    0x0a, 0x23, 0x23, 0x20, 0x20, 0x20, 0x23, 0x23, 0x20, 0x20, 0x20, 0x20,
    0x20, 0x23, 0x23, 0x2e, 0x2e, 0x2e, 0x2e, 0x23, 0x23, 0x23, 0x23, 0x23,
    0x0a, 0x23, 0x20, 0x20, 0x24, 0x24, 0x23, 0x23, 0x20, 0x20, 0x24, 0x20,
    0x40, 0x23, 0x23, 0x2e, 0x2e, 0x2e, 0x2e, 0x20, 0x20, 0x20, 0x20, 0x23,
    0x0a, 0x23, 0x20, 0x20, 0x20, 0x20, 0x20, 0x20, 0x24, 0x24, 0x20, 0x24,
    0x23, 0x20, 0x20, 0x2e, 0x2e, 0x2e, 0x2e, 0x23, 0x20, 0x20, 0x20, 0x23,
    0x0a, 0x23, 0x20, 0x20, 0x24, 0x20, 0x23, 0x23, 0x20, 0x24, 0x24, 0x20,
    0x23, 0x20, 0x23, 0x2e, 0x2e, 0x2e, 0x2e, 0x23, 0x20, 0x20, 0x23, 0x23,
    0x0a, 0x23, 0x20, 0x20, 0x24, 0x20, 0x23, 0x23, 0x20, 0x24, 0x20, 0x20,
    0x23, 0x20, 0x23, 0x23, 0x20, 0x23, 0x23, 0x23, 0x20, 0x20, 0x23, 0x20,
    0x0a, 0x23, 0x23, 0x20, 0x23, 0x23, 0x23, 0x23, 0x23, 0x20, 0x23, 0x23,
    0x23, 0x20, 0x20, 0x20, 0x20, 0x20, 0x20, 0x20, 0x20, 0x20, 0x23, 0x20,
    0x0a, 0x23, 0x23, 0x20, 0x20, 0x20, 0x24, 0x20, 0x20, 0x24, 0x20, 0x23,
    0x23, 0x23, 0x23, 0x23, 0x20, 0x23, 0x23, 0x23, 0x20, 0x20, 0x23, 0x20,
    0x0a, 0x23, 0x20, 0x24, 0x23, 0x23, 0x23, 0x20, 0x20, 0x23, 0x20, 0x23,
    0x23, 0x23, 0x23, 0x23, 0x20, 0x23, 0x20, 0x23, 0x23, 0x23, 0x23, 0x20,
    0x0a, 0x23, 0x20, 0x20, 0x20, 0x24, 0x20, 0x20, 0x20, 0x23, 0x20, 0x20,
    0x20, 0x20, 0x20, 0x20, 0x20, 0x23, 0x20, 0x20, 0x20, 0x20, 0x20, 0x20,
    0x0a, 0x23, 0x20, 0x20, 0x24, 0x20, 0x23, 0x24, 0x20, 0x24, 0x20, 0x24,
    0x23, 0x23, 0x23, 0x20, 0x20, 0x23, 0x20, 0x20, 0x20, 0x20, 0x20, 0x20,
    0x0a, 0x23, 0x20, 0x24, 0x24, 0x24, 0x23, 0x20, 0x24, 0x20, 0x20, 0x20,
    0x23, 0x20, 0x23, 0x23, 0x23, 0x23, 0x20, 0x20, 0x20, 0x20, 0x20, 0x20,
    0x0a, 0x23, 0x20, 0x20, 0x20, 0x20, 0x23, 0x20, 0x20, 0x24, 0x24, 0x20,
    0x23, 0x20, 0x20, 0x20, 0x20, 0x20, 0x20, 0x20, 0x20, 0x20, 0x20, 0x20,
    0x0a, 0x23, 0x23, 0x23, 0x23, 0x23, 0x23, 0x20, 0x20, 0x20, 0x23, 0x23,
    0x23, 0x20, 0x20, 0x20, 0x20, 0x20, 0x20, 0x20, 0x20, 0x20, 0x20, 0x20,
    0x0a, 0x20, 0x20, 0x20, 0x20, 0x20, 0x23, 0x23, 0x23, 0x23, 0x23, 0x20,
    0x20, 0x20, 0x20, 0x20, 0x20, 0x20, 0x20, 0x20, 0x20, 0x20, 0x20, 0x20,
    0x0a, 0x3b, 0x0a, 0x20, 0x20, 0x20, 0x20, 0x20, 0x20, 0x23, 0x23, 0x23,
    0x23, 0x20, 0x0a, 0x23, 0x23, 0x23, 0x23, 0x23, 0x23, 0x23, 0x20, 0x40,
    0x23, 0x20, 0x0a, 0x23, 0x20, 0x20, 0x20, 0x20, 0x20, 0x24, 0x20, 0x20,
    0x23, 0x20, 0x0a, 0x23, 0x20, 0x20, 0x20, 0x24, 0x23, 0x23, 0x20, 0x24,
    0x23, 0x20, 0x0a, 0x23, 0x23, 0x24, 0x23, 0x2e, 0x2e, 0x2e, 0x23, 0x20,
    0x23, 0x20, 0x0a, 0x20, 0x23, 0x20, 0x24, 0x2e, 0x2e, 0x2e, 0x20, 0x20,
    0x23, 0x20, 0x0a, 0x20, 0x23, 0x20, 0x23, 0x2e, 0x20, 0x2e, 0x23, 0x20,
    0x23, 0x23, 0x0a, 0x20, 0x23, 0x20, 0x20, 0x20, 0x23, 0x20, 0x23, 0x24,
    0x20, 0x23, 0x0a, 0x20, 0x23, 0x24, 0x20, 0x20, 0x24, 0x20, 0x20, 0x20,
    0x20, 0x23, 0x0a, 0x20, 0x23, 0x20, 0x20, 0x23, 0x23, 0x23, 0x23, 0x23,
    0x23, 0x23, 0x0a, 0x20, 0x23, 0x23, 0x23, 0x23, 0x20, 0x20, 0x20, 0x20,
    0x20, 0x20, 0x0a, 0x3b, 0x0a, 0x20, 0x20, 0x20, 0x20, 0x20, 0x20, 0x20,
    0x20, 0x20, 0x20, 0x20, 0x23, 0x23, 0x23, 0x23, 0x23, 0x20, 0x20, 0x20,
    0x20, 0x0a, 0x20, 0x20, 0x20, 0x20, 0x20, 0x20, 0x20, 0x20, 0x20, 0x20,
    0x23, 0x23, 0x20, 0x20, 0x20, 0x23, 0x23, 0x20, 0x20, 0x20, 0x0a, 0x20,
    0x20, 0x20, 0x20, 0x20, 0x20, 0x20, 0x20, 0x20, 0x23, 0x23, 0x20, 0x20,
    0x20, 0x20, 0x20, 0x23, 0x20, 0x20, 0x20, 0x0a, 0x20, 0x20, 0x20, 0x20,
    0x20, 0x20, 0x20, 0x20, 0x23, 0x23, 0x20, 0x20, 0x24, 0x24, 0x20, 0x20,
    0x23, 0x20, 0x20, 0x20, 0x0a, 0x20, 0x20, 0x20, 0x20, 0x20, 0x20, 0x20,
    0x23, 0x23, 0x20, 0x24, 0x24, 0x20, 0x20, 0x24, 0x20, 0x23, 0x20, 0x20,
    0x20, 0x0a, 0x20, 0x20, 0x20, 0x20, 0x20, 0x20, 0x20, 0x23, 0x20, 0x24,
    0x20, 0x20, 0x20, 0x20, 0x24, 0x20, 0x23, 0x20, 0x20, 0x20, 0x0a, 0x23,
    0x23, 0x23, 0x23, 0x20, 0x20, 0x20, 0x23, 0x20, 0x20, 0x20, 0x24, 0x24,
    0x20, 0x23, 0x23, 0x23, 0x23, 0x23, 0x20, 0x0a, 0x23, 0x20, 0x20, 0x23,
    0x23, 0x23, 0x23, 0x23, 0x23, 0x23, 0x23, 0x20, 0x23, 0x23, 0x20, 0x20,
    0x20, 0x20, 0x23, 0x20, 0x0a, 0x23, 0x2e, 0x2e, 0x20, 0x20, 0x20, 0x20,
    0x20, 0x20, 0x20, 0x20, 0x20, 0x20, 0x20, 0x24, 0x24, 0x24, 0x40, 0x23,
    0x20, 0x0a, 0x23, 0x2e, 0x23, 0x20, 0x23, 0x23, 0x23, 0x23, 0x23, 0x23,
    0x23, 0x20, 0x23, 0x23, 0x20, 0x20, 0x20, 0x23, 0x23, 0x20, 0x0a, 0x23,
    0x2e, 0x23, 0x20, 0x23, 0x23, 0x23, 0x23, 0x23, 0x23, 0x23, 0x2e, 0x20,
    0x23, 0x24, 0x20, 0x24, 0x23, 0x23, 0x23, 0x0a, 0x23, 0x2e, 0x2e, 0x2e,
    0x2e, 0x2e, 0x2e, 0x2e, 0x2e, 0x2e, 0x2e, 0x2e, 0x20, 0x23, 0x20, 0x20,
    0x20, 0x24, 0x20, 0x23, 0x0a, 0x23, 0x23, 0x23, 0x23, 0x23, 0x23, 0x23,
    0x23, 0x23, 0x23, 0x23, 0x23, 0x23, 0x23, 0x20, 0x20, 0x24, 0x20, 0x20,
    0x23, 0x0a, 0x20, 0x20, 0x20, 0x20, 0x20, 0x20, 0x20, 0x20, 0x20, 0x20,
    0x20, 0x20, 0x20, 0x23, 0x23, 0x20, 0x20, 0x23, 0x23, 0x23, 0x0a, 0x20,
    0x20, 0x20, 0x20, 0x20, 0x20, 0x20, 0x20, 0x20, 0x20, 0x20, 0x20, 0x20,
    0x20, 0x23, 0x23, 0x23, 0x23, 0x20, 0x20, 0x0a, 0x3b, 0x0a, 0x20, 0x23,
    0x23, 0x23, 0x23, 0x23, 0x23, 0x23, 0x23, 0x20, 0x20, 0x20, 0x20, 0x0a,
    0x20, 0x23, 0x40, 0x23, 0x23, 0x20, 0x20, 0x20, 0x23, 0x23, 0x23, 0x23,
    0x20, 0x0a, 0x20, 0x23, 0x20, 0x24, 0x20, 0x20, 0x20, 0x24, 0x20, 0x20,
    0x20, 0x23, 0x20, 0x0a, 0x20, 0x23, 0x20, 0x20, 0x24, 0x20, 0x24, 0x20,
    0x24, 0x24, 0x24, 0x23, 0x20, 0x0a, 0x20, 0x23, 0x20, 0x24, 0x24, 0x23,
    0x20, 0x23, 0x20, 0x20, 0x20, 0x23, 0x20, 0x0a, 0x23, 0x23, 0x24, 0x20,
    0x20, 0x20, 0x20, 0x24, 0x20, 0x20, 0x20, 0x23, 0x20, 0x0a, 0x23, 0x20,
    0x20, 0x24, 0x20, 0x20, 0x24, 0x24, 0x24, 0x24, 0x24, 0x23, 0x23, 0x0a,
    0x23, 0x20, 0x24, 0x23, 0x23, 0x23, 0x23, 0x20, 0x23, 0x20, 0x20, 0x20,
    0x23, 0x0a, 0x23, 0x20, 0x20, 0x24, 0x2e, 0x2e, 0x2e, 0x2e, 0x23, 0x20,
    0x20, 0x20, 0x23, 0x0a, 0x23, 0x20, 0x23, 0x23, 0x2e, 0x2e, 0x2e, 0x2e,
    0x23, 0x24, 0x24, 0x20, 0x23, 0x0a, 0x23, 0x20, 0x23, 0x23, 0x2e, 0x2e,
    0x2e, 0x2e, 0x20, 0x20, 0x20, 0x23, 0x23, 0x0a, 0x23, 0x20, 0x20, 0x20,
    0x2e, 0x2e, 0x2e, 0x2e, 0x23, 0x20, 0x20, 0x23, 0x20, 0x0a, 0x23, 0x23,
    0x20, 0x23, 0x2e, 0x2e, 0x2e, 0x2e, 0x23, 0x24, 0x24, 0x23, 0x20, 0x0a,
    0x20, 0x23, 0x20, 0x23, 0x2e, 0x2e, 0x2e, 0x2e, 0x23, 0x20, 0x20, 0x23,
    0x20, 0x0a, 0x20, 0x23, 0x20, 0x20, 0x20, 0x20, 0x20, 0x20, 0x20, 0x20,
    0x20, 0x23, 0x20, 0x0a, 0x20, 0x23, 0x23, 0x23, 0x23, 0x20, 0x23, 0x23,
    0x24, 0x23, 0x23, 0x23, 0x20, 0x0a, 0x20, 0x20, 0x20, 0x20, 0x23, 0x20,
    0x20, 0x20, 0x20, 0x23, 0x20, 0x20, 0x20, 0x0a, 0x20, 0x20, 0x20, 0x20,
    0x23, 0x23, 0x23, 0x23, 0x23, 0x23, 0x20, 0x20, 0x20, 0x0a, 0x3b, 0x0a,
    0x20, 0x20, 0x20, 0x20, 0x23, 0x23, 0x23, 0x23, 0x23, 0x23, 0x23, 0x23,
    0x23, 0x23, 0x23, 0x23, 0x20, 0x0a, 0x20, 0x20, 0x20, 0x20, 0x23, 0x20,
    0x20, 0x20, 0x20, 0x20, 0x20, 0x20, 0x20, 0x20, 0x20, 0x23, 0x23, 0x0a,
    0x20, 0x20, 0x20, 0x20, 0x23, 0x20, 0x20, 0x23, 0x20, 0x23, 0x24, 0x24,
    0x20, 0x24, 0x20, 0x20, 0x23, 0x0a, 0x20, 0x20, 0x20, 0x20, 0x23, 0x24,
    0x20, 0x23, 0x24, 0x23, 0x20, 0x20, 0x23, 0x23, 0x20, 0x40, 0x23, 0x0a,
    0x20, 0x20, 0x20, 0x23, 0x23, 0x20, 0x23, 0x23, 0x20, 0x23, 0x20, 0x24,
    0x20, 0x23, 0x20, 0x23, 0x23, 0x0a, 0x20, 0x20, 0x20, 0x23, 0x20, 0x20,
    0x20, 0x24, 0x20, 0x23, 0x24, 0x20, 0x20, 0x23, 0x20, 0x23, 0x20, 0x0a,
    0x20, 0x20, 0x20, 0x23, 0x20, 0x20, 0x20, 0x23, 0x20, 0x24, 0x20, 0x20,
    0x20, 0x23, 0x20, 0x23, 0x20, 0x0a, 0x20, 0x20, 0x20, 0x23, 0x23, 0x20,
    0x24, 0x20, 0x24, 0x20, 0x20, 0x20, 0x23, 0x23, 0x20, 0x23, 0x20, 0x0a,
    0x20, 0x20, 0x20, 0x23, 0x20, 0x20, 0x23, 0x20, 0x20, 0x23, 0x23, 0x20,
    0x20, 0x24, 0x20, 0x23, 0x20, 0x0a, 0x20, 0x20, 0x20, 0x23, 0x20, 0x20,
    0x20, 0x20, 0x23, 0x23, 0x20, 0x24, 0x24, 0x23, 0x20, 0x23, 0x20, 0x0a,
    0x23, 0x23, 0x23, 0x23, 0x23, 0x23, 0x24, 0x24, 0x20, 0x20, 0x20, 0x23,
    0x20, 0x20, 0x20, 0x23, 0x20, 0x0a, 0x23, 0x2e, 0x2e, 0x2e, 0x2e, 0x23,
    0x20, 0x20, 0x23, 0x23, 0x23, 0x23, 0x23, 0x23, 0x23, 0x23, 0x20, 0x0a,
    0x23, 0x2e, 0x23, 0x2e, 0x2e, 0x2e, 0x20, 0x23, 0x23, 0x20, 0x20, 0x20,
    0x20, 0x20, 0x20, 0x20, 0x20, 0x0a, 0x23, 0x2e, 0x2e, 0x2e, 0x2e, 0x20,
    0x20, 0x20, 0x23, 0x20, 0x20, 0x20, 0x20, 0x20, 0x20, 0x20, 0x20, 0x0a,
    0x23, 0x2e, 0x2e, 0x2e, 0x2e, 0x20, 0x20, 0x20, 0x23, 0x20, 0x20, 0x20,
    0x20, 0x20, 0x20, 0x20, 0x20, 0x0a, 0x23, 0x23, 0x23, 0x23, 0x23, 0x23,
    0x23, 0x23, 0x23, 0x20, 0x20, 0x20, 0x20, 0x20, 0x20, 0x20, 0x20, 0x0a,
    0x3b, 0x0a, 0x20, 0x20, 0x20, 0x20, 0x20, 0x20, 0x23, 0x23, 0x23, 0x23,
    0x23, 0x23, 0x20, 0x20, 0x20, 0x20, 0x20, 0x20, 0x20, 0x20, 0x20, 0x20,
    0x20, 0x20, 0x20, 0x0a, 0x20, 0x20, 0x20, 0x23, 0x23, 0x23, 0x23, 0x23,
    0x20, 0x20, 0x20, 0x23, 0x20, 0x20, 0x20, 0x20, 0x20, 0x20, 0x20, 0x20,
    0x20, 0x20, 0x20, 0x20, 0x20, 0x0a, 0x20, 0x20, 0x20, 0x23, 0x20, 0x20,
    0x20, 0x23, 0x20, 0x23, 0x20, 0x23, 0x23, 0x23, 0x23, 0x23, 0x20, 0x20,
    0x20, 0x20, 0x20, 0x20, 0x20, 0x20, 0x20, 0x0a, 0x20, 0x20, 0x20, 0x23,
    0x20, 0x24, 0x20, 0x23, 0x20, 0x20, 0x24, 0x20, 0x20, 0x20, 0x20, 0x23,
    0x23, 0x23, 0x23, 0x23, 0x23, 0x20, 0x20, 0x20, 0x20, 0x0a, 0x20, 0x20,
    0x23, 0x23, 0x24, 0x20, 0x20, 0x23, 0x23, 0x23, 0x20, 0x23, 0x23, 0x20,
    0x20, 0x20, 0x20, 0x20, 0x20, 0x20, 0x23, 0x20, 0x20, 0x20, 0x20, 0x0a,
    0x23, 0x23, 0x23, 0x20, 0x20, 0x24, 0x24, 0x20, 0x24, 0x20, 0x24, 0x20,
    0x23, 0x20, 0x20, 0x23, 0x23, 0x20, 0x20, 0x20, 0x23, 0x23, 0x23, 0x23,
    0x23, 0x0a, 0x23, 0x20, 0x20, 0x20, 0x20, 0x20, 0x20, 0x20, 0x24, 0x20,
    0x20, 0x20, 0x23, 0x23, 0x23, 0x23, 0x23, 0x23, 0x20, 0x23, 0x23, 0x20,
    0x20, 0x20, 0x23, 0x0a, 0x23, 0x20, 0x20, 0x23, 0x23, 0x23, 0x23, 0x23,
    0x23, 0x23, 0x23, 0x20, 0x23, 0x40, 0x20, 0x20, 0x20, 0x23, 0x20, 0x23,
    0x20, 0x20, 0x23, 0x20, 0x23, 0x0a, 0x23, 0x23, 0x20, 0x23, 0x23, 0x23,
    0x20, 0x20, 0x20, 0x20, 0x20, 0x20, 0x23, 0x23, 0x23, 0x23, 0x20, 0x23,
    0x24, 0x23, 0x20, 0x23, 0x20, 0x20, 0x23, 0x0a, 0x20, 0x23, 0x20, 0x23,
    0x23, 0x23, 0x20, 0x23, 0x23, 0x23, 0x23, 0x20, 0x23, 0x23, 0x2e, 0x2e,
    0x20, 0x23, 0x20, 0x20, 0x20, 0x24, 0x20, 0x23, 0x23, 0x0a, 0x20, 0x23,
    0x20, 0x20, 0x24, 0x20, 0x20, 0x24, 0x20, 0x20, 0x23, 0x24, 0x23, 0x23,
    0x2e, 0x2e, 0x20, 0x23, 0x24, 0x23, 0x23, 0x20, 0x20, 0x23, 0x23, 0x0a,
    0x20, 0x23, 0x20, 0x20, 0x23, 0x20, 0x23, 0x20, 0x23, 0x20, 0x20, 0x20,
    0x20, 0x20, 0x2e, 0x2e, 0x23, 0x23, 0x20, 0x23, 0x23, 0x20, 0x24, 0x20,
    0x23, 0x0a, 0x20, 0x23, 0x23, 0x23, 0x23, 0x20, 0x20, 0x20, 0x23, 0x20,
    0x23, 0x23, 0x20, 0x23, 0x2e, 0x2e, 0x23, 0x20, 0x20, 0x20, 0x20, 0x24,
    0x20, 0x20, 0x23, 0x0a, 0x20, 0x20, 0x20, 0x20, 0x23, 0x23, 0x23, 0x23,
    0x23, 0x20, 0x20, 0x20, 0x20, 0x23, 0x2e, 0x2e, 0x23, 0x20, 0x23, 0x20,
    0x23, 0x20, 0x20, 0x23, 0x23, 0x0a, 0x20, 0x20, 0x20, 0x20, 0x20, 0x20,
    0x20, 0x20, 0x23, 0x23, 0x23, 0x23, 0x23, 0x23, 0x2e, 0x2e, 0x23, 0x20,
    0x20, 0x20, 0x23, 0x20, 0x23, 0x23, 0x20, 0x0a, 0x20, 0x20, 0x20, 0x20,
    0x20, 0x20, 0x20, 0x20, 0x20, 0x20, 0x20, 0x20, 0x20, 0x23, 0x2e, 0x2e,
    0x23, 0x23, 0x23, 0x23, 0x23, 0x20, 0x20, 0x23, 0x20, 0x0a, 0x20, 0x20,
    0x20, 0x20, 0x20, 0x20, 0x20, 0x20, 0x20, 0x20, 0x20, 0x20, 0x20, 0x23,
    0x2e, 0x2e, 0x20, 0x20, 0x20, 0x20, 0x20, 0x20, 0x20, 0x23, 0x20, 0x0a,
    0x20, 0x20, 0x20, 0x20, 0x20, 0x20, 0x20, 0x20, 0x20, 0x20, 0x20, 0x20,
    0x20, 0x23, 0x23, 0x20, 0x20, 0x23, 0x23, 0x23, 0x20, 0x20, 0x23, 0x23,
    0x20, 0x0a, 0x20, 0x20, 0x20, 0x20, 0x20, 0x20, 0x20, 0x20, 0x20, 0x20,
    0x20, 0x20, 0x20, 0x20, 0x23, 0x23, 0x23, 0x23, 0x23, 0x23, 0x23, 0x23,
    0x23, 0x20, 0x20, 0x0a, 0x3b, 0x0a, 0x20, 0x20, 0x20, 0x20, 0x20, 0x20,
    0x20, 0x20, 0x23, 0x23, 0x23, 0x23, 0x23, 0x23, 0x23, 0x20, 0x20, 0x20,
    0x20, 0x0a, 0x20, 0x20, 0x20, 0x20, 0x23, 0x23, 0x23, 0x23, 0x23, 0x20,
    0x20, 0x23, 0x20, 0x20, 0x23, 0x23, 0x23, 0x23, 0x20, 0x0a, 0x20, 0x20,
    0x20, 0x20, 0x23, 0x20, 0x20, 0x20, 0x23, 0x20, 0x20, 0x20, 0x24, 0x20,
    0x20, 0x20, 0x20, 0x23, 0x20, 0x0a, 0x20, 0x23, 0x23, 0x23, 0x23, 0x20,
    0x23, 0x24, 0x24, 0x20, 0x23, 0x23, 0x20, 0x23, 0x23, 0x20, 0x20, 0x23,
    0x20, 0x0a, 0x23, 0x23, 0x20, 0x20, 0x20, 0x20, 0x20, 0x20, 0x23, 0x20,
    0x23, 0x20, 0x20, 0x23, 0x23, 0x20, 0x23, 0x23, 0x23, 0x0a, 0x23, 0x20,
    0x20, 0x23, 0x23, 0x23, 0x20, 0x24, 0x23, 0x24, 0x20, 0x20, 0x24, 0x20,
    0x20, 0x24, 0x20, 0x20, 0x23, 0x0a, 0x23, 0x2e, 0x2e, 0x2e, 0x20, 0x20,
    0x20, 0x20, 0x23, 0x20, 0x23, 0x23, 0x20, 0x20, 0x23, 0x20, 0x20, 0x20,
    0x23, 0x0a, 0x23, 0x2e, 0x2e, 0x2e, 0x23, 0x20, 0x20, 0x20, 0x20, 0x40,
    0x20, 0x23, 0x20, 0x23, 0x23, 0x23, 0x20, 0x23, 0x23, 0x0a, 0x23, 0x2e,
    0x2e, 0x2e, 0x23, 0x20, 0x20, 0x23, 0x23, 0x23, 0x20, 0x20, 0x24, 0x20,
    0x20, 0x24, 0x20, 0x20, 0x23, 0x0a, 0x23, 0x23, 0x23, 0x23, 0x23, 0x23,
    0x23, 0x23, 0x20, 0x23, 0x23, 0x20, 0x20, 0x20, 0x23, 0x20, 0x20, 0x20,
    0x23, 0x0a, 0x20, 0x20, 0x20, 0x20, 0x20, 0x20, 0x20, 0x20, 0x20, 0x20,
    0x23, 0x23, 0x23, 0x23, 0x23, 0x23, 0x23, 0x23, 0x23, 0x0a, 0x3b, 0x0a,
    0x20, 0x20, 0x20, 0x20, 0x23, 0x23, 0x23, 0x23, 0x23, 0x23, 0x23, 0x23,
    0x23, 0x20, 0x20, 0x23, 0x23, 0x23, 0x23, 0x20, 0x20, 0x20, 0x0a, 0x20,
    0x20, 0x20, 0x20, 0x23, 0x20, 0x20, 0x20, 0x23, 0x23, 0x20, 0x20, 0x23,
    0x23, 0x23, 0x23, 0x20, 0x20, 0x23, 0x20, 0x20, 0x20, 0x0a, 0x20, 0x20,
    0x20, 0x20, 0x23, 0x20, 0x20, 0x20, 0x24, 0x20, 0x20, 0x20, 0x23, 0x20,
    0x20, 0x24, 0x20, 0x20, 0x23, 0x20, 0x20, 0x20, 0x0a, 0x20, 0x20, 0x20,
    0x20, 0x23, 0x20, 0x20, 0x23, 0x20, 0x23, 0x23, 0x20, 0x23, 0x20, 0x20,
    0x20, 0x20, 0x20, 0x23, 0x23, 0x23, 0x23, 0x0a, 0x20, 0x20, 0x20, 0x20,
    0x23, 0x23, 0x20, 0x24, 0x20, 0x20, 0x20, 0x24, 0x20, 0x24, 0x24, 0x23,
    0x20, 0x23, 0x20, 0x20, 0x20, 0x23, 0x0a, 0x20, 0x20, 0x20, 0x20, 0x23,
    0x23, 0x23, 0x23, 0x20, 0x20, 0x23, 0x20, 0x20, 0x23, 0x20, 0x24, 0x20,
    0x24, 0x20, 0x20, 0x20, 0x23, 0x0a, 0x23, 0x23, 0x23, 0x23, 0x23, 0x20,
    0x20, 0x23, 0x23, 0x23, 0x23, 0x20, 0x20, 0x20, 0x20, 0x23, 0x23, 0x23,
    0x2e, 0x2e, 0x2e, 0x23, 0x0a, 0x23, 0x20, 0x20, 0x20, 0x23, 0x24, 0x20,
    0x23, 0x20, 0x20, 0x23, 0x20, 0x23, 0x23, 0x23, 0x23, 0x2e, 0x2e, 0x2e,
    0x2e, 0x2e, 0x23, 0x0a, 0x23, 0x20, 0x20, 0x20, 0x20, 0x20, 0x20, 0x23,
    0x20, 0x20, 0x23, 0x20, 0x23, 0x20, 0x23, 0x23, 0x2e, 0x2e, 0x2e, 0x2e,
    0x2e, 0x23, 0x0a, 0x23, 0x23, 0x23, 0x23, 0x23, 0x23, 0x20, 0x23, 0x20,
    0x20, 0x23, 0x24, 0x20, 0x20, 0x20, 0x23, 0x23, 0x23, 0x2e, 0x2e, 0x2e,
    0x23, 0x0a, 0x20, 0x20, 0x20, 0x23, 0x20, 0x20, 0x20, 0x23, 0x23, 0x20,
    0x23, 0x20, 0x24, 0x23, 0x20, 0x20, 0x20, 0x23, 0x2e, 0x2e, 0x2e, 0x23,
    0x0a, 0x20, 0x20, 0x23, 0x23, 0x20, 0x20, 0x20, 0x20, 0x20, 0x20, 0x20,
    0x24, 0x20, 0x20, 0x24, 0x23, 0x20, 0x23, 0x23, 0x23, 0x23, 0x23, 0x0a,
    0x20, 0x23, 0x23, 0x20, 0x24, 0x24, 0x24, 0x23, 0x23, 0x20, 0x20, 0x23,
    0x20, 0x24, 0x20, 0x20, 0x20, 0x23, 0x20, 0x20, 0x20, 0x20, 0x0a, 0x20,
    0x23, 0x20, 0x20, 0x20, 0x23, 0x20, 0x20, 0x23, 0x20, 0x23, 0x23, 0x23,
    0x20, 0x20, 0x23, 0x23, 0x23, 0x20, 0x20, 0x20, 0x20, 0x0a, 0x20, 0x23,
    0x20, 0x20, 0x20, 0x24, 0x20, 0x20, 0x23, 0x24, 0x20, 0x40, 0x23, 0x23,
    0x23, 0x23, 0x20, 0x20, 0x20, 0x20, 0x20, 0x20, 0x0a, 0x20, 0x23, 0x23,
    0x23, 0x23, 0x23, 0x20, 0x20, 0x23, 0x20, 0x20, 0x20, 0x23, 0x20, 0x20,
    0x20, 0x20, 0x20, 0x20, 0x20, 0x20, 0x20, 0x0a, 0x20, 0x20, 0x20, 0x20,
    0x20, 0x23, 0x23, 0x23, 0x23, 0x23, 0x23, 0x23, 0x23, 0x20, 0x20, 0x20,
    0x20, 0x20, 0x20, 0x20, 0x20, 0x20, 0x0a, 0x3b, 0x0a, 0x20, 0x23, 0x23,
    0x23, 0x23, 0x23, 0x20, 0x20, 0x20, 0x20, 0x20, 0x20, 0x20, 0x20, 0x20,
    0x20, 0x20, 0x20, 0x20, 0x0a, 0x20, 0x23, 0x20, 0x20, 0x20, 0x23, 0x20,
    0x20, 0x20, 0x20, 0x20, 0x20, 0x20, 0x20, 0x20, 0x20, 0x20, 0x20, 0x20,
    0x0a, 0x20, 0x23, 0x20, 0x23, 0x20, 0x23, 0x23, 0x23, 0x23, 0x23, 0x23,
    0x20, 0x20, 0x20, 0x20, 0x20, 0x20, 0x20, 0x20, 0x0a, 0x20, 0x23, 0x20,
    0x20, 0x20, 0x20, 0x20, 0x20, 0x24, 0x40, 0x23, 0x23, 0x23, 0x23, 0x23,
    0x23, 0x20, 0x20, 0x20, 0x0a, 0x20, 0x23, 0x20, 0x24, 0x20, 0x23, 0x23,
    0x24, 0x20, 0x23, 0x23, 0x23, 0x20, 0x20, 0x20, 0x23, 0x20, 0x20, 0x20,
    0x0a, 0x20, 0x23, 0x20, 0x23, 0x23, 0x23, 0x23, 0x20, 0x24, 0x20, 0x20,
    0x20, 0x20, 0x24, 0x20, 0x23, 0x20, 0x20, 0x20, 0x0a, 0x20, 0x23, 0x20,
    0x23, 0x23, 0x23, 0x23, 0x23, 0x20, 0x23, 0x20, 0x20, 0x23, 0x24, 0x20,
    0x23, 0x23, 0x23, 0x23, 0x0a, 0x23, 0x23, 0x20, 0x20, 0x23, 0x23, 0x23,
    0x23, 0x20, 0x23, 0x23, 0x24, 0x20, 0x20, 0x20, 0x20, 0x20, 0x20, 0x23,
    0x0a, 0x23, 0x20, 0x20, 0x24, 0x23, 0x20, 0x20, 0x24, 0x20, 0x20, 0x23,
    0x20, 0x23, 0x23, 0x20, 0x23, 0x23, 0x20, 0x23, 0x0a, 0x23, 0x20, 0x20,
    0x20, 0x20, 0x20, 0x20, 0x20, 0x20, 0x20, 0x23, 0x20, 0x23, 0x2e, 0x2e,
    0x2e, 0x23, 0x20, 0x23, 0x0a, 0x23, 0x23, 0x23, 0x23, 0x23, 0x23, 0x20,
    0x20, 0x23, 0x23, 0x23, 0x20, 0x20, 0x2e, 0x2e, 0x2e, 0x20, 0x20, 0x23,
    0x0a, 0x20, 0x20, 0x20, 0x20, 0x20, 0x23, 0x23, 0x23, 0x23, 0x20, 0x23,
    0x20, 0x23, 0x2e, 0x2e, 0x2e, 0x23, 0x20, 0x23, 0x0a, 0x20, 0x20, 0x20,
    0x20, 0x20, 0x20, 0x20, 0x20, 0x20, 0x20, 0x23, 0x20, 0x23, 0x23, 0x23,
    0x20, 0x23, 0x20, 0x23, 0x0a, 0x20, 0x20, 0x20, 0x20, 0x20, 0x20, 0x20,
    0x20, 0x20, 0x20, 0x23, 0x20, 0x20, 0x20, 0x20, 0x20, 0x20, 0x20, 0x23,
    0x0a, 0x20, 0x20, 0x20, 0x20, 0x20, 0x20, 0x20, 0x20, 0x20, 0x20, 0x23,
    0x23, 0x23, 0x23, 0x23, 0x23, 0x23, 0x23, 0x23, 0x0a, 0x3b, 0x0a, 0x20,
    0x20, 0x20, 0x20, 0x20, 0x20, 0x20, 0x23, 0x23, 0x23, 0x23, 0x20, 0x20,
    0x20, 0x20, 0x20, 0x0a, 0x20, 0x20, 0x20, 0x20, 0x20, 0x20, 0x20, 0x23,
    0x20, 0x20, 0x23, 0x23, 0x20, 0x20, 0x20, 0x20, 0x0a, 0x20, 0x20, 0x20,
    0x20, 0x20, 0x20, 0x20, 0x23, 0x20, 0x20, 0x20, 0x23, 0x23, 0x20, 0x20,
    0x20, 0x0a, 0x20, 0x20, 0x20, 0x20, 0x20, 0x20, 0x20, 0x23, 0x20, 0x24,
    0x24, 0x20, 0x23, 0x23, 0x20, 0x20, 0x0a, 0x20, 0x20, 0x20, 0x20, 0x20,
    0x23, 0x23, 0x23, 0x24, 0x20, 0x20, 0x24, 0x20, 0x23, 0x23, 0x20, 0x0a,
    0x20, 0x20, 0x23, 0x23, 0x23, 0x23, 0x20, 0x20, 0x20, 0x20, 0x24, 0x20,
    0x20, 0x20, 0x23, 0x20, 0x0a, 0x23, 0x23, 0x23, 0x20, 0x20, 0x23, 0x20,
    0x23, 0x23, 0x23, 0x23, 0x23, 0x20, 0x20, 0x23, 0x20, 0x0a, 0x23, 0x20,
    0x20, 0x20, 0x20, 0x23, 0x20, 0x23, 0x2e, 0x2e, 0x2e, 0x2e, 0x24, 0x20,
    0x23, 0x20, 0x0a, 0x23, 0x20, 0x23, 0x20, 0x20, 0x20, 0x24, 0x20, 0x2e,
    0x2e, 0x2e, 0x2e, 0x23, 0x20, 0x23, 0x20, 0x0a, 0x23, 0x20, 0x20, 0x24,
    0x20, 0x23, 0x20, 0x23, 0x2e, 0x20, 0x2e, 0x2e, 0x23, 0x20, 0x23, 0x20,
    0x0a, 0x23, 0x23, 0x23, 0x20, 0x20, 0x23, 0x23, 0x23, 0x23, 0x20, 0x23,
    0x23, 0x23, 0x20, 0x23, 0x20, 0x0a, 0x20, 0x20, 0x23, 0x23, 0x23, 0x23,
    0x20, 0x40, 0x24, 0x20, 0x20, 0x23, 0x23, 0x24, 0x23, 0x23, 0x0a, 0x20,
    0x20, 0x20, 0x20, 0x20, 0x23, 0x23, 0x23, 0x20, 0x24, 0x20, 0x20, 0x20,
    0x20, 0x20, 0x23, 0x0a, 0x20, 0x20, 0x20, 0x20, 0x20, 0x20, 0x20, 0x23,
    0x20, 0x20, 0x23, 0x23, 0x20, 0x20, 0x20, 0x23, 0x0a, 0x20, 0x20, 0x20,
    0x20, 0x20, 0x20, 0x20, 0x23, 0x23, 0x23, 0x23, 0x23, 0x23, 0x23, 0x23,
    0x23, 0x0a, 0x3b, 0x0a, 0x20, 0x20, 0x20, 0x20, 0x20, 0x20, 0x23, 0x23,
    0x23, 0x23, 0x23, 0x23, 0x23, 0x23, 0x23, 0x23, 0x23, 0x23, 0x20, 0x0a,
    0x20, 0x20, 0x20, 0x20, 0x20, 0x23, 0x23, 0x2e, 0x2e, 0x20, 0x20, 0x20,
    0x20, 0x23, 0x20, 0x20, 0x20, 0x23, 0x20, 0x0a, 0x20, 0x20, 0x20, 0x20,
    0x23, 0x23, 0x2e, 0x2e, 0x20, 0x20, 0x24, 0x20, 0x20, 0x20, 0x20, 0x24,
    0x20, 0x23, 0x20, 0x0a, 0x20, 0x20, 0x20, 0x23, 0x23, 0x2e, 0x2e, 0x20,
    0x2e, 0x23, 0x20, 0x23, 0x20, 0x23, 0x24, 0x20, 0x23, 0x23, 0x20, 0x0a,
    0x20, 0x20, 0x20, 0x23, 0x2e, 0x2e, 0x20, 0x2e, 0x23, 0x20, 0x23, 0x20,
    0x23, 0x20, 0x24, 0x20, 0x20, 0x23, 0x20, 0x0a, 0x23, 0x23, 0x23, 0x23,
    0x2e, 0x2e, 0x2e, 0x23, 0x20, 0x20, 0x23, 0x20, 0x20, 0x20, 0x20, 0x23,
    0x20, 0x23, 0x20, 0x0a, 0x23, 0x20, 0x20, 0x23, 0x23, 0x20, 0x23, 0x20,
    0x20, 0x20, 0x20, 0x20, 0x20, 0x20, 0x20, 0x20, 0x20, 0x23, 0x20, 0x0a,
    0x23, 0x20, 0x40, 0x24, 0x20, 0x24, 0x20, 0x23, 0x23, 0x23, 0x20, 0x20,
    0x23, 0x20, 0x23, 0x20, 0x23, 0x23, 0x20, 0x0a, 0x23, 0x20, 0x24, 0x20,
    0x20, 0x20, 0x24, 0x20, 0x20, 0x20, 0x23, 0x20, 0x23, 0x20, 0x20, 0x20,
    0x23, 0x20, 0x20, 0x0a, 0x23, 0x23, 0x23, 0x24, 0x24, 0x20, 0x20, 0x20,
    0x23, 0x20, 0x23, 0x20, 0x23, 0x20, 0x23, 0x20, 0x23, 0x20, 0x20, 0x0a,
    0x20, 0x20, 0x23, 0x20, 0x20, 0x20, 0x24, 0x20, 0x20, 0x20, 0x23, 0x20,
    0x23, 0x20, 0x23, 0x23, 0x23, 0x23, 0x23, 0x0a, 0x20, 0x20, 0x23, 0x20,
    0x24, 0x23, 0x20, 0x23, 0x23, 0x23, 0x23, 0x23, 0x20, 0x20, 0x20, 0x20,
    0x20, 0x20, 0x23, 0x0a, 0x20, 0x20, 0x23, 0x24, 0x20, 0x20, 0x20, 0x23,
    0x20, 0x20, 0x20, 0x23, 0x20, 0x20, 0x20, 0x23, 0x20, 0x20, 0x23, 0x0a,
    0x20, 0x20, 0x23, 0x20, 0x20, 0x23, 0x23, 0x23, 0x20, 0x20, 0x20, 0x23,
    0x23, 0x20, 0x20, 0x20, 0x20, 0x20, 0x23, 0x0a, 0x20, 0x20, 0x23, 0x20,
    0x20, 0x23, 0x20, 0x20, 0x20, 0x20, 0x20, 0x20, 0x23, 0x20, 0x20, 0x20,
    0x20, 0x23, 0x23, 0x0a, 0x20, 0x20, 0x23, 0x23, 0x23, 0x23, 0x20, 0x20,
    0x20, 0x20, 0x20, 0x20, 0x23, 0x23, 0x23, 0x23, 0x23, 0x23, 0x20, 0x0a,
    0x3b, 0x0a, 0x20, 0x20, 0x20, 0x20, 0x20, 0x23, 0x23, 0x23, 0x23, 0x23,
    0x23, 0x23, 0x23, 0x23, 0x23, 0x23, 0x23, 0x23, 0x20, 0x20, 0x20, 0x0a,
    0x20, 0x20, 0x20, 0x20, 0x20, 0x23, 0x20, 0x20, 0x20, 0x20, 0x23, 0x23,
    0x23, 0x20, 0x20, 0x20, 0x20, 0x23, 0x20, 0x20, 0x20, 0x0a, 0x20, 0x20,
    0x20, 0x20, 0x20, 0x23, 0x20, 0x20, 0x20, 0x20, 0x20, 0x24, 0x20, 0x24,
    0x20, 0x20, 0x23, 0x23, 0x23, 0x23, 0x20, 0x0a, 0x20, 0x20, 0x20, 0x23,
    0x23, 0x23, 0x23, 0x20, 0x23, 0x20, 0x20, 0x20, 0x24, 0x20, 0x24, 0x20,
    0x20, 0x20, 0x20, 0x23, 0x20, 0x0a, 0x20, 0x20, 0x23, 0x23, 0x20, 0x24,
    0x20, 0x20, 0x23, 0x24, 0x23, 0x23, 0x23, 0x23, 0x20, 0x24, 0x20, 0x24,
    0x20, 0x23, 0x20, 0x0a, 0x23, 0x23, 0x23, 0x20, 0x20, 0x20, 0x23, 0x20,
    0x23, 0x20, 0x20, 0x20, 0x23, 0x23, 0x23, 0x20, 0x20, 0x24, 0x20, 0x23,
    0x20, 0x0a, 0x23, 0x20, 0x24, 0x20, 0x20, 0x24, 0x20, 0x20, 0x23, 0x20,
    0x20, 0x24, 0x20, 0x20, 0x23, 0x20, 0x23, 0x23, 0x23, 0x23, 0x20, 0x0a,
    0x23, 0x20, 0x23, 0x23, 0x24, 0x23, 0x23, 0x23, 0x23, 0x20, 0x23, 0x24,
    0x23, 0x20, 0x20, 0x24, 0x20, 0x20, 0x23, 0x23, 0x23, 0x0a, 0x23, 0x20,
    0x23, 0x23, 0x20, 0x20, 0x23, 0x23, 0x23, 0x20, 0x23, 0x20, 0x23, 0x20,
    0x23, 0x20, 0x20, 0x24, 0x20, 0x20, 0x23, 0x0a, 0x23, 0x20, 0x20, 0x20,
    0x20, 0x40, 0x24, 0x20, 0x20, 0x20, 0x24, 0x20, 0x20, 0x20, 0x23, 0x20,
    0x24, 0x20, 0x23, 0x20, 0x23, 0x0a, 0x23, 0x23, 0x23, 0x23, 0x23, 0x20,
    0x20, 0x23, 0x20, 0x20, 0x23, 0x23, 0x20, 0x20, 0x23, 0x20, 0x24, 0x23,
    0x20, 0x20, 0x23, 0x0a, 0x20, 0x20, 0x23, 0x2e, 0x2e, 0x2e, 0x20, 0x23,
    0x23, 0x23, 0x23, 0x23, 0x24, 0x20, 0x20, 0x23, 0x20, 0x20, 0x23, 0x20,
    0x23, 0x0a, 0x20, 0x20, 0x23, 0x2e, 0x2e, 0x2e, 0x2e, 0x2e, 0x2e, 0x2e,
    0x23, 0x20, 0x24, 0x24, 0x20, 0x23, 0x24, 0x20, 0x23, 0x20, 0x23, 0x0a,
    0x20, 0x20, 0x23, 0x2e, 0x2e, 0x2e, 0x2e, 0x2e, 0x2e, 0x2e, 0x23, 0x20,
    0x20, 0x20, 0x20, 0x20, 0x20, 0x20, 0x20, 0x20, 0x23, 0x0a, 0x20, 0x20,
    0x23, 0x2e, 0x2e, 0x2e, 0x2e, 0x2e, 0x2e, 0x2e, 0x23, 0x23, 0x23, 0x23,
    0x23, 0x23, 0x23, 0x20, 0x20, 0x23, 0x23, 0x0a, 0x20, 0x20, 0x23, 0x23,
    0x23, 0x23, 0x23, 0x23, 0x23, 0x23, 0x23, 0x20, 0x20, 0x20, 0x20, 0x20,
    0x23, 0x23, 0x23, 0x23, 0x20, 0x0a, 0x3b, 0x0a, 0x23, 0x23, 0x23, 0x23,
    0x23, 0x20, 0x23, 0x23, 0x23, 0x23, 0x20, 0x20, 0x20, 0x20, 0x20, 0x20,
    0x0a, 0x23, 0x2e, 0x2e, 0x2e, 0x23, 0x20, 0x23, 0x20, 0x20, 0x23, 0x23,
    0x23, 0x23, 0x20, 0x20, 0x20, 0x0a, 0x23, 0x2e, 0x2e, 0x2e, 0x23, 0x23,
    0x23, 0x20, 0x20, 0x24, 0x20, 0x20, 0x23, 0x20, 0x20, 0x20, 0x0a, 0x23,
    0x2e, 0x2e, 0x2e, 0x2e, 0x23, 0x23, 0x20, 0x24, 0x20, 0x20, 0x24, 0x23,
    0x23, 0x23, 0x20, 0x0a, 0x23, 0x23, 0x2e, 0x2e, 0x2e, 0x2e, 0x23, 0x23,
    0x20, 0x20, 0x20, 0x24, 0x20, 0x20, 0x23, 0x20, 0x0a, 0x23, 0x23, 0x23,
    0x2e, 0x2e, 0x2e, 0x20, 0x23, 0x23, 0x20, 0x24, 0x20, 0x24, 0x20, 0x23,
    0x20, 0x0a, 0x23, 0x20, 0x23, 0x23, 0x20, 0x20, 0x20, 0x20, 0x23, 0x20,
    0x20, 0x24, 0x20, 0x20, 0x23, 0x20, 0x0a, 0x23, 0x20, 0x20, 0x23, 0x23,
    0x20, 0x23, 0x20, 0x23, 0x23, 0x23, 0x20, 0x23, 0x23, 0x23, 0x23, 0x0a,
    0x23, 0x20, 0x24, 0x20, 0x23, 0x20, 0x23, 0x24, 0x20, 0x20, 0x24, 0x20,
    0x20, 0x20, 0x20, 0x23, 0x0a, 0x23, 0x20, 0x20, 0x24, 0x20, 0x40, 0x20,
    0x24, 0x20, 0x20, 0x20, 0x20, 0x24, 0x20, 0x20, 0x23, 0x0a, 0x23, 0x20,
    0x20, 0x20, 0x23, 0x20, 0x24, 0x20, 0x24, 0x24, 0x20, 0x24, 0x20, 0x23,
    0x23, 0x23, 0x0a, 0x23, 0x20, 0x20, 0x23, 0x23, 0x23, 0x23, 0x23, 0x23,
    0x20, 0x20, 0x23, 0x23, 0x23, 0x20, 0x20, 0x0a, 0x23, 0x20, 0x23, 0x23,
    0x20, 0x20, 0x20, 0x20, 0x23, 0x23, 0x23, 0x23, 0x20, 0x20, 0x20, 0x20,
    0x0a, 0x23, 0x23, 0x23, 0x20, 0x20, 0x20, 0x20, 0x20, 0x20, 0x20, 0x20,
    0x20, 0x20, 0x20, 0x20, 0x20, 0x0a, 0x3b, 0x0a, 0x20, 0x23, 0x23, 0x23,
    0x23, 0x20, 0x20, 0x20, 0x20, 0x20, 0x20, 0x20, 0x20, 0x20, 0x20, 0x20,
    0x20, 0x20, 0x20, 0x20, 0x20, 0x0a, 0x23, 0x23, 0x20, 0x20, 0x23, 0x23,
    0x23, 0x23, 0x23, 0x20, 0x20, 0x20, 0x20, 0x20, 0x20, 0x20, 0x20, 0x20,
    0x20, 0x20, 0x20, 0x0a, 0x23, 0x20, 0x20, 0x20, 0x20, 0x20, 0x20, 0x20,
    0x23, 0x20, 0x23, 0x23, 0x23, 0x23, 0x23, 0x20, 0x20, 0x20, 0x20, 0x20,
    0x20, 0x0a, 0x23, 0x20, 0x24, 0x23, 0x23, 0x23, 0x20, 0x20, 0x23, 0x23,
    0x23, 0x20, 0x20, 0x20, 0x23, 0x20, 0x20, 0x20, 0x20, 0x20, 0x20, 0x0a,
    0x23, 0x2e, 0x2e, 0x23, 0x20, 0x20, 0x24, 0x23, 0x20, 0x23, 0x20, 0x20,
    0x23, 0x20, 0x23, 0x20, 0x20, 0x20, 0x20, 0x20, 0x20, 0x0a, 0x23, 0x2e,
    0x2e, 0x23, 0x20, 0x20, 0x20, 0x20, 0x20, 0x20, 0x24, 0x24, 0x23, 0x20,
    0x23, 0x23, 0x23, 0x20, 0x20, 0x20, 0x20, 0x0a, 0x23, 0x2e, 0x20, 0x23,
    0x20, 0x23, 0x20, 0x20, 0x23, 0x24, 0x20, 0x24, 0x20, 0x20, 0x20, 0x20,
    0x23, 0x23, 0x23, 0x23, 0x23, 0x0a, 0x23, 0x2e, 0x2e, 0x23, 0x20, 0x20,
    0x23, 0x23, 0x20, 0x20, 0x20, 0x20, 0x20, 0x23, 0x23, 0x24, 0x23, 0x20,
    0x20, 0x20, 0x23, 0x0a, 0x23, 0x2e, 0x20, 0x24, 0x20, 0x20, 0x24, 0x20,
    0x23, 0x20, 0x23, 0x23, 0x20, 0x20, 0x24, 0x20, 0x20, 0x20, 0x20, 0x20,
    0x23, 0x0a, 0x23, 0x2e, 0x2e, 0x23, 0x23, 0x20, 0x20, 0x24, 0x20, 0x20,
    0x20, 0x23, 0x20, 0x20, 0x20, 0x23, 0x23, 0x23, 0x23, 0x23, 0x23, 0x0a,
    0x23, 0x2e, 0x20, 0x23, 0x23, 0x24, 0x23, 0x23, 0x20, 0x20, 0x20, 0x23,
    0x23, 0x23, 0x23, 0x23, 0x20, 0x20, 0x20, 0x20, 0x20, 0x0a, 0x23, 0x2e,
    0x2e, 0x20, 0x20, 0x24, 0x20, 0x23, 0x23, 0x23, 0x23, 0x23, 0x20, 0x20,
    0x20, 0x20, 0x20, 0x20, 0x20, 0x20, 0x20, 0x0a, 0x23, 0x20, 0x20, 0x23,
    0x20, 0x40, 0x20, 0x23, 0x20, 0x20, 0x20, 0x20, 0x20, 0x20, 0x20, 0x20,
    0x20, 0x20, 0x20, 0x20, 0x20, 0x0a, 0x23, 0x23, 0x23, 0x23, 0x23, 0x23,
    0x23, 0x23, 0x20, 0x20, 0x20, 0x20, 0x20, 0x20, 0x20, 0x20, 0x20, 0x20,
    0x20, 0x20, 0x20, 0x0a, 0x3b, 0x0a, 0x20, 0x20, 0x20, 0x23, 0x23, 0x23,
    0x23, 0x23, 0x23, 0x23, 0x23, 0x23, 0x23, 0x0a, 0x20, 0x20, 0x20, 0x23,
    0x20, 0x20, 0x23, 0x23, 0x23, 0x20, 0x20, 0x20, 0x23, 0x0a, 0x20, 0x20,
    0x20, 0x23, 0x20, 0x24, 0x20, 0x20, 0x20, 0x24, 0x20, 0x20, 0x23, 0x0a,
    0x20, 0x20, 0x20, 0x23, 0x20, 0x20, 0x23, 0x23, 0x23, 0x23, 0x24, 0x23,
    0x23, 0x0a, 0x20, 0x20, 0x20, 0x23, 0x23, 0x20, 0x23, 0x20, 0x20, 0x23,
    0x20, 0x20, 0x23, 0x0a, 0x20, 0x20, 0x23, 0x23, 0x20, 0x20, 0x23, 0x2e,
    0x20, 0x20, 0x20, 0x20, 0x23, 0x0a, 0x20, 0x20, 0x23, 0x20, 0x20, 0x23,
    0x23, 0x2e, 0x2e, 0x23, 0x20, 0x20, 0x23, 0x0a, 0x20, 0x20, 0x23, 0x20,
    0x40, 0x20, 0x23, 0x2e, 0x20, 0x23, 0x20, 0x23, 0x23, 0x0a, 0x20, 0x20,
    0x23, 0x20, 0x23, 0x24, 0x23, 0x2e, 0x2e, 0x23, 0x24, 0x20, 0x23, 0x0a,
    0x20, 0x20, 0x23, 0x20, 0x24, 0x20, 0x23, 0x2e, 0x2e, 0x23, 0x20, 0x20,
    0x23, 0x0a, 0x20, 0x20, 0x23, 0x20, 0x23, 0x20, 0x23, 0x20, 0x20, 0x23,
    0x20, 0x20, 0x23, 0x0a, 0x20, 0x20, 0x23, 0x20, 0x24, 0x20, 0x23, 0x2e,
    0x2e, 0x23, 0x24, 0x23, 0x23, 0x0a, 0x20, 0x20, 0x23, 0x20, 0x20, 0x20,
    0x20, 0x2e, 0x20, 0x23, 0x20, 0x20, 0x23, 0x0a, 0x20, 0x23, 0x23, 0x23,
    0x20, 0x20, 0x23, 0x20, 0x20, 0x23, 0x20, 0x20, 0x23, 0x0a, 0x23, 0x23,
    0x20, 0x20, 0x20, 0x20, 0x23, 0x23, 0x23, 0x23, 0x20, 0x20, 0x23, 0x0a,
    0x23, 0x20, 0x20, 0x23, 0x23, 0x23, 0x23, 0x23, 0x23, 0x23, 0x24, 0x23,
    0x23, 0x0a, 0x23, 0x20, 0x24, 0x20, 0x20, 0x20, 0x20, 0x20, 0x20, 0x24,
    0x20, 0x20, 0x23, 0x0a, 0x23, 0x20, 0x20, 0x23, 0x23, 0x20, 0x20, 0x20,
    0x23, 0x20, 0x20, 0x20, 0x23, 0x0a, 0x23, 0x23, 0x23, 0x23, 0x23, 0x23,
    0x23, 0x23, 0x23, 0x23, 0x23, 0x23, 0x23, 0x0a, 0x3b, 0x0a, 0x20, 0x23,
    0x23, 0x23, 0x23, 0x23, 0x23, 0x23, 0x23, 0x23, 0x23, 0x23, 0x23, 0x23,
    0x23, 0x23, 0x23, 0x23, 0x23, 0x23, 0x23, 0x23, 0x20, 0x0a, 0x20, 0x23,
    0x20, 0x20, 0x20, 0x23, 0x23, 0x20, 0x20, 0x23, 0x20, 0x20, 0x20, 0x23,
    0x20, 0x20, 0x20, 0x23, 0x20, 0x20, 0x20, 0x23, 0x20, 0x0a, 0x20, 0x23,
    0x20, 0x24, 0x20, 0x20, 0x20, 0x20, 0x20, 0x24, 0x20, 0x20, 0x20, 0x24,
    0x20, 0x20, 0x20, 0x24, 0x20, 0x20, 0x20, 0x23, 0x23, 0x0a, 0x23, 0x23,
    0x23, 0x23, 0x23, 0x20, 0x23, 0x20, 0x20, 0x23, 0x20, 0x20, 0x20, 0x23,
    0x23, 0x23, 0x20, 0x23, 0x23, 0x24, 0x23, 0x23, 0x23, 0x0a, 0x23, 0x20,
    0x20, 0x20, 0x23, 0x20, 0x23, 0x23, 0x24, 0x23, 0x23, 0x23, 0x23, 0x23,
    0x23, 0x20, 0x20, 0x20, 0x23, 0x20, 0x20, 0x20, 0x23, 0x0a, 0x23, 0x20,
    0x24, 0x20, 0x20, 0x20, 0x23, 0x20, 0x2e, 0x2e, 0x2e, 0x2e, 0x2e, 0x2e,
    0x23, 0x20, 0x20, 0x20, 0x23, 0x20, 0x24, 0x20, 0x23, 0x0a, 0x23, 0x23,
    0x20, 0x23, 0x20, 0x20, 0x23, 0x20, 0x2e, 0x2e, 0x2e, 0x2e, 0x2e, 0x2e,
    0x23, 0x23, 0x23, 0x23, 0x23, 0x20, 0x20, 0x20, 0x23, 0x0a, 0x23, 0x23,
    0x20, 0x23, 0x23, 0x23, 0x23, 0x23, 0x23, 0x23, 0x23, 0x23, 0x2e, 0x2e,
    0x23, 0x20, 0x20, 0x20, 0x23, 0x20, 0x23, 0x23, 0x23, 0x0a, 0x23, 0x20,
    0x20, 0x20, 0x20, 0x20, 0x20, 0x20, 0x20, 0x20, 0x20, 0x23, 0x2e, 0x2e,
    0x23, 0x20, 0x24, 0x20, 0x20, 0x20, 0x23, 0x20, 0x20, 0x0a, 0x23, 0x20,
    0x23, 0x23, 0x20, 0x23, 0x23, 0x23, 0x20, 0x23, 0x23, 0x23, 0x2e, 0x2e,
    0x23, 0x23, 0x20, 0x23, 0x20, 0x20, 0x23, 0x23, 0x23, 0x0a, 0x23, 0x20,
    0x23, 0x20, 0x20, 0x20, 0x23, 0x20, 0x20, 0x20, 0x23, 0x23, 0x2e, 0x2e,
    0x23, 0x23, 0x20, 0x23, 0x23, 0x23, 0x20, 0x20, 0x23, 0x0a, 0x23, 0x20,
    0x20, 0x20, 0x40, 0x20, 0x20, 0x20, 0x20, 0x20, 0x20, 0x24, 0x2e, 0x2e,
    0x23, 0x20, 0x20, 0x20, 0x20, 0x20, 0x20, 0x20, 0x23, 0x0a, 0x23, 0x20,
    0x23, 0x20, 0x20, 0x20, 0x23, 0x20, 0x20, 0x20, 0x23, 0x23, 0x20, 0x20,
    0x23, 0x20, 0x20, 0x20, 0x23, 0x23, 0x20, 0x20, 0x23, 0x0a, 0x23, 0x23,
    0x23, 0x23, 0x23, 0x20, 0x23, 0x23, 0x23, 0x23, 0x23, 0x23, 0x23, 0x23,
    0x23, 0x23, 0x23, 0x23, 0x23, 0x23, 0x20, 0x23, 0x23, 0x0a, 0x23, 0x20,
    0x20, 0x20, 0x20, 0x20, 0x20, 0x20, 0x20, 0x20, 0x20, 0x23, 0x20, 0x20,
    0x20, 0x23, 0x20, 0x20, 0x20, 0x20, 0x24, 0x20, 0x23, 0x0a, 0x23, 0x20,
    0x24, 0x20, 0x20, 0x23, 0x20, 0x24, 0x20, 0x24, 0x20, 0x24, 0x20, 0x20,
    0x20, 0x23, 0x20, 0x23, 0x20, 0x20, 0x20, 0x20, 0x23, 0x0a, 0x23, 0x20,
    0x23, 0x24, 0x23, 0x23, 0x20, 0x24, 0x23, 0x20, 0x20, 0x23, 0x23, 0x20,
    0x23, 0x23, 0x20, 0x20, 0x20, 0x20, 0x23, 0x20, 0x23, 0x0a, 0x23, 0x20,
    0x20, 0x24, 0x20, 0x24, 0x24, 0x20, 0x23, 0x23, 0x23, 0x23, 0x20, 0x24,
    0x20, 0x20, 0x24, 0x20, 0x23, 0x20, 0x23, 0x20, 0x23, 0x0a, 0x23, 0x20,
    0x20, 0x20, 0x20, 0x20, 0x20, 0x20, 0x20, 0x20, 0x20, 0x23, 0x20, 0x20,
    0x20, 0x23, 0x20, 0x20, 0x20, 0x20, 0x20, 0x20, 0x23, 0x0a, 0x23, 0x23,
    0x23, 0x23, 0x23, 0x23, 0x23, 0x23, 0x23, 0x23, 0x23, 0x23, 0x23, 0x23,
    0x23, 0x23, 0x23, 0x23, 0x23, 0x23, 0x23, 0x23, 0x23, 0x0a, 0x3b, 0x0a,
    0x20, 0x23, 0x23, 0x23, 0x23, 0x23, 0x23, 0x23, 0x23, 0x23, 0x23, 0x23,
    0x23, 0x23, 0x23, 0x23, 0x23, 0x23, 0x23, 0x23, 0x23, 0x23, 0x0a, 0x23,
    0x23, 0x20, 0x20, 0x20, 0x20, 0x20, 0x20, 0x20, 0x20, 0x20, 0x20, 0x20,
    0x20, 0x20, 0x20, 0x20, 0x20, 0x20, 0x20, 0x20, 0x23, 0x0a, 0x23, 0x20,
    0x20, 0x20, 0x20, 0x24, 0x20, 0x23, 0x20, 0x20, 0x20, 0x20, 0x20, 0x20,
    0x23, 0x23, 0x20, 0x23, 0x20, 0x20, 0x20, 0x23, 0x0a, 0x23, 0x20, 0x20,
    0x23, 0x23, 0x23, 0x23, 0x23, 0x23, 0x20, 0x23, 0x23, 0x23, 0x20, 0x20,
    0x23, 0x24, 0x23, 0x23, 0x20, 0x23, 0x23, 0x0a, 0x23, 0x23, 0x24, 0x23,
    0x20, 0x20, 0x20, 0x23, 0x23, 0x24, 0x23, 0x2e, 0x2e, 0x2e, 0x2e, 0x20,
    0x20, 0x20, 0x23, 0x20, 0x23, 0x20, 0x0a, 0x23, 0x20, 0x20, 0x23, 0x20,
    0x20, 0x20, 0x20, 0x24, 0x20, 0x23, 0x2e, 0x2e, 0x2e, 0x2e, 0x23, 0x23,
    0x20, 0x23, 0x20, 0x23, 0x20, 0x0a, 0x23, 0x20, 0x24, 0x20, 0x23, 0x20,
    0x23, 0x20, 0x23, 0x20, 0x23, 0x2e, 0x2e, 0x2e, 0x2e, 0x23, 0x23, 0x20,
    0x20, 0x20, 0x23, 0x20, 0x0a, 0x23, 0x20, 0x24, 0x20, 0x23, 0x24, 0x24,
    0x20, 0x20, 0x20, 0x23, 0x2e, 0x2e, 0x2e, 0x2e, 0x23, 0x23, 0x24, 0x23,
    0x20, 0x23, 0x20, 0x0a, 0x23, 0x20, 0x23, 0x20, 0x24, 0x40, 0x24, 0x23,
    0x23, 0x24, 0x23, 0x2e, 0x2e, 0x2e, 0x2e, 0x23, 0x23, 0x20, 0x20, 0x20,
    0x23, 0x20, 0x0a, 0x23, 0x20, 0x20, 0x20, 0x24, 0x24, 0x24, 0x20, 0x20,
    0x20, 0x23, 0x2e, 0x2e, 0x2e, 0x2e, 0x23, 0x20, 0x20, 0x20, 0x20, 0x23,
    0x20, 0x0a, 0x23, 0x20, 0x20, 0x24, 0x23, 0x20, 0x20, 0x20, 0x23, 0x20,
    0x23, 0x23, 0x23, 0x23, 0x23, 0x23, 0x20, 0x24, 0x23, 0x23, 0x23, 0x20,
    0x0a, 0x23, 0x23, 0x20, 0x20, 0x23, 0x20, 0x23, 0x23, 0x23, 0x24, 0x24,
    0x20, 0x20, 0x24, 0x20, 0x20, 0x20, 0x24, 0x20, 0x23, 0x20, 0x20, 0x0a,
    0x23, 0x23, 0x20, 0x20, 0x20, 0x20, 0x20, 0x23, 0x20, 0x24, 0x20, 0x20,
    0x24, 0x20, 0x23, 0x23, 0x20, 0x20, 0x20, 0x23, 0x20, 0x20, 0x0a, 0x20,
    0x23, 0x23, 0x23, 0x23, 0x23, 0x20, 0x20, 0x20, 0x23, 0x20, 0x20, 0x20,
    0x23, 0x23, 0x23, 0x23, 0x23, 0x23, 0x23, 0x20, 0x20, 0x0a, 0x20, 0x20,
    0x20, 0x20, 0x20, 0x23, 0x23, 0x23, 0x23, 0x23, 0x23, 0x23, 0x23, 0x23,
    0x20, 0x20, 0x20, 0x20, 0x20, 0x20, 0x20, 0x20, 0x0a, 0x3b, 0x0a, 0x23,
    0x23, 0x23, 0x23, 0x23, 0x23, 0x23, 0x23, 0x23, 0x23, 0x20, 0x20, 0x20,
    0x20, 0x0a, 0x23, 0x20, 0x20, 0x20, 0x20, 0x20, 0x20, 0x20, 0x20, 0x23,
    0x23, 0x23, 0x23, 0x20, 0x0a, 0x23, 0x20, 0x23, 0x23, 0x23, 0x23, 0x23,
    0x23, 0x20, 0x23, 0x20, 0x20, 0x23, 0x23, 0x0a, 0x23, 0x20, 0x23, 0x20,
    0x24, 0x20, 0x24, 0x20, 0x24, 0x20, 0x20, 0x24, 0x20, 0x23, 0x0a, 0x23,
    0x20, 0x20, 0x20, 0x20, 0x20, 0x20, 0x20, 0x23, 0x24, 0x20, 0x20, 0x20,
    0x23, 0x0a, 0x23, 0x23, 0x23, 0x24, 0x20, 0x20, 0x24, 0x24, 0x23, 0x20,
    0x20, 0x23, 0x23, 0x23, 0x0a, 0x20, 0x20, 0x23, 0x20, 0x20, 0x23, 0x23,
    0x20, 0x23, 0x20, 0x24, 0x23, 0x23, 0x20, 0x0a, 0x20, 0x20, 0x23, 0x23,
    0x24, 0x23, 0x20, 0x20, 0x20, 0x24, 0x20, 0x40, 0x23, 0x20, 0x0a, 0x20,
    0x20, 0x20, 0x23, 0x20, 0x20, 0x24, 0x20, 0x24, 0x20, 0x23, 0x23, 0x23,
    0x20, 0x0a, 0x20, 0x20, 0x20, 0x23, 0x20, 0x23, 0x20, 0x20, 0x20, 0x24,
    0x20, 0x20, 0x23, 0x20, 0x0a, 0x20, 0x20, 0x20, 0x23, 0x20, 0x23, 0x23,
    0x20, 0x20, 0x20, 0x23, 0x20, 0x23, 0x20, 0x0a, 0x20, 0x20, 0x23, 0x23,
    0x20, 0x20, 0x23, 0x23, 0x23, 0x23, 0x23, 0x20, 0x23, 0x20, 0x0a, 0x20,
    0x20, 0x23, 0x20, 0x20, 0x20, 0x20, 0x20, 0x20, 0x20, 0x20, 0x20, 0x23,
    0x20, 0x0a, 0x20, 0x20, 0x23, 0x2e, 0x2e, 0x2e, 0x2e, 0x2e, 0x2e, 0x2e,
    0x23, 0x23, 0x23, 0x20, 0x0a, 0x20, 0x20, 0x23, 0x2e, 0x2e, 0x2e, 0x2e,
    0x2e, 0x2e, 0x2e, 0x23, 0x20, 0x20, 0x20, 0x0a, 0x20, 0x20, 0x23, 0x23,
    0x23, 0x23, 0x23, 0x23, 0x23, 0x23, 0x23, 0x20, 0x20, 0x20, 0x0a, 0x3b,
    0x0a, 0x20, 0x20, 0x20, 0x20, 0x20, 0x20, 0x20, 0x20, 0x20, 0x23, 0x23,
    0x23, 0x23, 0x20, 0x20, 0x20, 0x20, 0x20, 0x0a, 0x20, 0x23, 0x23, 0x23,
    0x23, 0x23, 0x23, 0x23, 0x23, 0x23, 0x20, 0x20, 0x23, 0x23, 0x20, 0x20,
    0x20, 0x20, 0x0a, 0x23, 0x23, 0x20, 0x20, 0x24, 0x20, 0x20, 0x20, 0x20,
    0x20, 0x20, 0x24, 0x20, 0x23, 0x23, 0x23, 0x23, 0x23, 0x0a, 0x23, 0x20,
    0x20, 0x20, 0x23, 0x23, 0x20, 0x23, 0x23, 0x20, 0x20, 0x20, 0x23, 0x23,
    0x2e, 0x2e, 0x2e, 0x23, 0x0a, 0x23, 0x20, 0x23, 0x24, 0x24, 0x20, 0x24,
    0x20, 0x24, 0x24, 0x23, 0x24, 0x23, 0x23, 0x2e, 0x2e, 0x2e, 0x23, 0x0a,
    0x23, 0x20, 0x23, 0x20, 0x20, 0x20, 0x20, 0x40, 0x20, 0x20, 0x23, 0x20,
    0x20, 0x20, 0x2e, 0x2e, 0x2e, 0x23, 0x0a, 0x23, 0x20, 0x20, 0x24, 0x23,
    0x20, 0x23, 0x23, 0x23, 0x24, 0x24, 0x20, 0x20, 0x20, 0x2e, 0x2e, 0x2e,
    0x23, 0x0a, 0x23, 0x20, 0x24, 0x20, 0x20, 0x24, 0x24, 0x20, 0x20, 0x24,
    0x20, 0x23, 0x23, 0x2e, 0x2e, 0x2e, 0x2e, 0x23, 0x0a, 0x23, 0x23, 0x23,
    0x24, 0x20, 0x20, 0x20, 0x20, 0x20, 0x20, 0x20, 0x23, 0x23, 0x23, 0x23,
    0x23, 0x23, 0x23, 0x0a, 0x20, 0x20, 0x23, 0x20, 0x20, 0x23, 0x23, 0x23,
    0x23, 0x23, 0x23, 0x23, 0x20, 0x20, 0x20, 0x20, 0x20, 0x20, 0x0a, 0x20,
    0x20, 0x23, 0x23, 0x23, 0x23, 0x20, 0x20, 0x20, 0x20, 0x20, 0x20, 0x20,
    0x20, 0x20, 0x20, 0x20, 0x20, 0x0a, 0x3b, 0x0a, 0x20, 0x20, 0x20, 0x20,
    0x20, 0x20, 0x20, 0x20, 0x20, 0x20, 0x20, 0x20, 0x20, 0x20, 0x23, 0x23,
    0x23, 0x23, 0x23, 0x23, 0x20, 0x20, 0x20, 0x20, 0x20, 0x20, 0x20, 0x0a,
    0x20, 0x20, 0x20, 0x20, 0x20, 0x20, 0x20, 0x20, 0x20, 0x20, 0x23, 0x23,
    0x23, 0x23, 0x23, 0x20, 0x20, 0x20, 0x20, 0x23, 0x20, 0x20, 0x20, 0x20,
    0x20, 0x20, 0x20, 0x0a, 0x20, 0x20, 0x20, 0x20, 0x20, 0x20, 0x20, 0x20,
    0x20, 0x20, 0x23, 0x20, 0x20, 0x23, 0x23, 0x20, 0x23, 0x20, 0x20, 0x23,
    0x23, 0x23, 0x23, 0x23, 0x20, 0x20, 0x20, 0x0a, 0x20, 0x20, 0x20, 0x20,
    0x20, 0x20, 0x20, 0x20, 0x20, 0x20, 0x23, 0x20, 0x20, 0x20, 0x20, 0x2e,
    0x23, 0x2e, 0x2e, 0x23, 0x20, 0x20, 0x20, 0x23, 0x20, 0x20, 0x20, 0x0a,
    0x20, 0x23, 0x23, 0x23, 0x23, 0x23, 0x20, 0x23, 0x23, 0x23, 0x23, 0x20,
    0x24, 0x23, 0x2e, 0x23, 0x2e, 0x2e, 0x2e, 0x20, 0x20, 0x20, 0x20, 0x23,
    0x20, 0x20, 0x20, 0x0a, 0x20, 0x23, 0x20, 0x20, 0x20, 0x23, 0x23, 0x23,
    0x20, 0x20, 0x23, 0x23, 0x20, 0x23, 0x20, 0x2e, 0x2e, 0x2e, 0x2e, 0x23,
    0x23, 0x20, 0x23, 0x23, 0x20, 0x20, 0x20, 0x0a, 0x20, 0x23, 0x20, 0x24,
    0x20, 0x20, 0x20, 0x20, 0x20, 0x20, 0x23, 0x23, 0x20, 0x23, 0x2e, 0x2e,
    0x23, 0x2e, 0x2e, 0x23, 0x23, 0x20, 0x23, 0x20, 0x20, 0x20, 0x20, 0x0a,
    0x23, 0x23, 0x23, 0x23, 0x23, 0x23, 0x20, 0x23, 0x20, 0x20, 0x20, 0x23,
    0x20, 0x23, 0x20, 0x2e, 0x23, 0x23, 0x23, 0x23, 0x23, 0x20, 0x23, 0x20,
    0x20, 0x20, 0x20, 0x0a, 0x23, 0x20, 0x20, 0x20, 0x23, 0x20, 0x24, 0x23,
    0x24, 0x23, 0x20, 0x23, 0x20, 0x23, 0x2e, 0x2e, 0x23, 0x23, 0x23, 0x23,
    0x23, 0x20, 0x23, 0x20, 0x20, 0x20, 0x20, 0x0a, 0x23, 0x20, 0x24, 0x20,
    0x20, 0x24, 0x20, 0x20, 0x20, 0x20, 0x20, 0x23, 0x20, 0x23, 0x20, 0x2e,
    0x20, 0x20, 0x20, 0x20, 0x23, 0x20, 0x23, 0x20, 0x20, 0x20, 0x20, 0x0a,
    0x23, 0x23, 0x20, 0x23, 0x23, 0x20, 0x20, 0x24, 0x20, 0x23, 0x23, 0x23,
    0x20, 0x23, 0x20, 0x20, 0x23, 0x23, 0x20, 0x20, 0x23, 0x20, 0x23, 0x20,
    0x20, 0x20, 0x20, 0x0a, 0x20, 0x23, 0x20, 0x20, 0x24, 0x20, 0x20, 0x24,
    0x20, 0x23, 0x23, 0x23, 0x20, 0x23, 0x23, 0x23, 0x23, 0x23, 0x20, 0x23,
    0x23, 0x20, 0x23, 0x20, 0x20, 0x20, 0x20, 0x0a, 0x20, 0x23, 0x23, 0x23,
    0x24, 0x23, 0x23, 0x23, 0x24, 0x23, 0x23, 0x23, 0x20, 0x20, 0x23, 0x23,
    0x23, 0x23, 0x20, 0x23, 0x23, 0x20, 0x23, 0x20, 0x20, 0x20, 0x20, 0x0a,
    0x23, 0x23, 0x23, 0x23, 0x20, 0x23, 0x20, 0x20, 0x20, 0x20, 0x20, 0x20,
    0x20, 0x20, 0x20, 0x23, 0x23, 0x23, 0x20, 0x20, 0x23, 0x20, 0x23, 0x20,
    0x20, 0x20, 0x20, 0x0a, 0x23, 0x20, 0x20, 0x24, 0x20, 0x23, 0x20, 0x20,
    0x24, 0x23, 0x23, 0x23, 0x23, 0x20, 0x20, 0x23, 0x23, 0x23, 0x24, 0x24,
    0x23, 0x40, 0x23, 0x23, 0x23, 0x23, 0x23, 0x0a, 0x23, 0x20, 0x20, 0x20,
    0x20, 0x20, 0x20, 0x24, 0x20, 0x23, 0x20, 0x23, 0x20, 0x20, 0x23, 0x23,
    0x23, 0x23, 0x20, 0x20, 0x23, 0x24, 0x23, 0x20, 0x20, 0x20, 0x23, 0x0a,
    0x23, 0x23, 0x23, 0x23, 0x20, 0x23, 0x20, 0x20, 0x24, 0x23, 0x20, 0x23,
    0x20, 0x20, 0x20, 0x20, 0x20, 0x20, 0x20, 0x20, 0x20, 0x20, 0x20, 0x20,
    0x20, 0x20, 0x23, 0x0a, 0x20, 0x20, 0x20, 0x23, 0x20, 0x20, 0x24, 0x20,
    0x20, 0x23, 0x20, 0x23, 0x23, 0x20, 0x20, 0x23, 0x23, 0x20, 0x20, 0x23,
    0x23, 0x23, 0x23, 0x23, 0x23, 0x23, 0x23, 0x0a, 0x20, 0x20, 0x20, 0x23,
    0x23, 0x20, 0x20, 0x23, 0x23, 0x23, 0x20, 0x20, 0x23, 0x23, 0x23, 0x23,
    0x23, 0x23, 0x23, 0x23, 0x20, 0x20, 0x20, 0x20, 0x20, 0x20, 0x20, 0x0a,
    0x20, 0x20, 0x20, 0x20, 0x23, 0x23, 0x23, 0x23, 0x20, 0x20, 0x20, 0x20,
    0x20, 0x20, 0x20, 0x20, 0x20, 0x20, 0x20, 0x20, 0x20, 0x20, 0x20, 0x20,
    0x20, 0x20, 0x20, 0x0a, 0x3b, 0x0a, 0x20, 0x20, 0x20, 0x20, 0x20, 0x20,
    0x20, 0x20, 0x20, 0x23, 0x23, 0x23, 0x23, 0x20, 0x20, 0x20, 0x20, 0x20,
    0x20, 0x20, 0x20, 0x20, 0x20, 0x20, 0x20, 0x20, 0x20, 0x20, 0x20, 0x0a,
    0x20, 0x20, 0x20, 0x20, 0x20, 0x20, 0x20, 0x20, 0x20, 0x23, 0x20, 0x20,
    0x23, 0x20, 0x20, 0x20, 0x20, 0x20, 0x20, 0x20, 0x20, 0x20, 0x20, 0x20,
    0x20, 0x20, 0x20, 0x20, 0x20, 0x0a, 0x20, 0x20, 0x20, 0x20, 0x20, 0x20,
    0x20, 0x20, 0x20, 0x23, 0x20, 0x20, 0x23, 0x23, 0x23, 0x23, 0x23, 0x23,
    0x23, 0x23, 0x20, 0x20, 0x20, 0x20, 0x20, 0x20, 0x20, 0x20, 0x20, 0x0a,
    0x20, 0x20, 0x20, 0x23, 0x23, 0x23, 0x23, 0x23, 0x23, 0x23, 0x20, 0x20,
    0x23, 0x20, 0x20, 0x20, 0x20, 0x20, 0x20, 0x23, 0x20, 0x20, 0x20, 0x20,
    0x20, 0x20, 0x20, 0x20, 0x20, 0x0a, 0x20, 0x20, 0x20, 0x23, 0x20, 0x20,
    0x20, 0x23, 0x20, 0x23, 0x20, 0x23, 0x20, 0x23, 0x20, 0x23, 0x20, 0x20,
    0x20, 0x23, 0x23, 0x20, 0x20, 0x20, 0x20, 0x20, 0x20, 0x20, 0x20, 0x0a,
    0x20, 0x20, 0x20, 0x23, 0x20, 0x24, 0x20, 0x20, 0x20, 0x20, 0x20, 0x24,
    0x20, 0x20, 0x23, 0x23, 0x20, 0x20, 0x24, 0x20, 0x23, 0x20, 0x20, 0x20,
    0x20, 0x20, 0x20, 0x20, 0x20, 0x0a, 0x20, 0x20, 0x23, 0x23, 0x23, 0x20,
    0x24, 0x23, 0x20, 0x23, 0x20, 0x20, 0x23, 0x20, 0x23, 0x20, 0x20, 0x20,
    0x20, 0x20, 0x23, 0x23, 0x23, 0x23, 0x23, 0x23, 0x23, 0x23, 0x23, 0x0a,
    0x20, 0x20, 0x23, 0x20, 0x20, 0x24, 0x20, 0x20, 0x23, 0x20, 0x20, 0x24,
    0x23, 0x20, 0x23, 0x20, 0x24, 0x24, 0x20, 0x23, 0x20, 0x20, 0x20, 0x23,
    0x20, 0x23, 0x20, 0x20, 0x23, 0x0a, 0x20, 0x23, 0x23, 0x20, 0x23, 0x20,
    0x20, 0x20, 0x23, 0x20, 0x20, 0x20, 0x20, 0x20, 0x23, 0x23, 0x23, 0x20,
    0x20, 0x20, 0x20, 0x24, 0x20, 0x23, 0x20, 0x23, 0x20, 0x20, 0x23, 0x0a,
    0x20, 0x23, 0x20, 0x20, 0x23, 0x24, 0x20, 0x20, 0x20, 0x23, 0x20, 0x23,
    0x23, 0x23, 0x20, 0x20, 0x23, 0x20, 0x20, 0x23, 0x20, 0x24, 0x24, 0x23,
    0x20, 0x23, 0x20, 0x20, 0x23, 0x0a, 0x20, 0x23, 0x20, 0x20, 0x20, 0x20,
    0x24, 0x23, 0x23, 0x20, 0x24, 0x20, 0x20, 0x23, 0x20, 0x20, 0x20, 0x23,
    0x23, 0x20, 0x24, 0x20, 0x20, 0x23, 0x20, 0x23, 0x20, 0x23, 0x23, 0x0a,
    0x23, 0x23, 0x23, 0x23, 0x24, 0x20, 0x24, 0x20, 0x23, 0x20, 0x20, 0x20,
    0x20, 0x23, 0x23, 0x20, 0x20, 0x23, 0x20, 0x20, 0x20, 0x24, 0x20, 0x20,
    0x20, 0x20, 0x2e, 0x2e, 0x23, 0x0a, 0x23, 0x20, 0x20, 0x23, 0x20, 0x20,
    0x20, 0x20, 0x23, 0x23, 0x23, 0x20, 0x23, 0x20, 0x24, 0x20, 0x24, 0x20,
    0x23, 0x23, 0x23, 0x20, 0x20, 0x23, 0x23, 0x23, 0x2e, 0x20, 0x23, 0x0a,
    0x23, 0x20, 0x20, 0x20, 0x20, 0x20, 0x23, 0x23, 0x20, 0x20, 0x24, 0x24,
    0x20, 0x40, 0x20, 0x20, 0x24, 0x20, 0x20, 0x20, 0x20, 0x20, 0x23, 0x23,
    0x2e, 0x2e, 0x2e, 0x2e, 0x23, 0x0a, 0x23, 0x20, 0x20, 0x23, 0x23, 0x20,
    0x20, 0x23, 0x23, 0x20, 0x20, 0x20, 0x24, 0x20, 0x20, 0x23, 0x24, 0x23,
    0x20, 0x20, 0x23, 0x23, 0x2e, 0x2e, 0x2e, 0x2e, 0x20, 0x2e, 0x23, 0x0a,
    0x23, 0x23, 0x20, 0x23, 0x20, 0x20, 0x24, 0x20, 0x20, 0x23, 0x20, 0x23,
    0x20, 0x24, 0x23, 0x23, 0x20, 0x20, 0x23, 0x23, 0x2e, 0x2e, 0x2e, 0x2e,
    0x20, 0x2e, 0x23, 0x23, 0x23, 0x0a, 0x23, 0x23, 0x20, 0x23, 0x23, 0x20,
    0x20, 0x24, 0x20, 0x20, 0x23, 0x20, 0x24, 0x20, 0x23, 0x20, 0x20, 0x23,
    0x2e, 0x2e, 0x2e, 0x2e, 0x20, 0x2e, 0x23, 0x23, 0x23, 0x20, 0x20, 0x0a,
    0x23, 0x20, 0x20, 0x20, 0x20, 0x24, 0x20, 0x23, 0x23, 0x23, 0x23, 0x20,
    0x20, 0x20, 0x23, 0x20, 0x2e, 0x2e, 0x2e, 0x2e, 0x20, 0x2e, 0x23, 0x23,
    0x23, 0x20, 0x20, 0x20, 0x20, 0x0a, 0x23, 0x20, 0x20, 0x20, 0x23, 0x20,
    0x20, 0x23, 0x20, 0x20, 0x23, 0x20, 0x20, 0x23, 0x20, 0x20, 0x2e, 0x2e,
    0x20, 0x2e, 0x23, 0x23, 0x23, 0x20, 0x20, 0x20, 0x20, 0x20, 0x20, 0x0a,
    0x23, 0x23, 0x23, 0x23, 0x23, 0x23, 0x23, 0x23, 0x20, 0x20, 0x23, 0x23,
    0x23, 0x23, 0x23, 0x23, 0x23, 0x23, 0x23, 0x23, 0x23, 0x20, 0x20, 0x20,
    0x20, 0x20, 0x20, 0x20, 0x20, 0x0a, 0x3b, 0x0a, 0x20, 0x20, 0x20, 0x20,
    0x20, 0x20, 0x20, 0x20, 0x23, 0x23, 0x23, 0x23, 0x23, 0x20, 0x20, 0x20,
    0x20, 0x20, 0x20, 0x20, 0x20, 0x20, 0x20, 0x20, 0x20, 0x20, 0x0a, 0x20,
    0x20, 0x20, 0x20, 0x20, 0x20, 0x20, 0x20, 0x23, 0x20, 0x20, 0x20, 0x23,
    0x23, 0x23, 0x23, 0x20, 0x20, 0x20, 0x20, 0x20, 0x20, 0x20, 0x20, 0x20,
    0x20, 0x0a, 0x20, 0x20, 0x20, 0x20, 0x20, 0x20, 0x20, 0x20, 0x23, 0x20,
    0x24, 0x20, 0x20, 0x20, 0x20, 0x23, 0x23, 0x23, 0x23, 0x20, 0x20, 0x23,
    0x23, 0x23, 0x23, 0x20, 0x0a, 0x20, 0x20, 0x20, 0x20, 0x20, 0x20, 0x20,
    0x20, 0x23, 0x20, 0x20, 0x20, 0x23, 0x20, 0x24, 0x23, 0x20, 0x20, 0x23,
    0x23, 0x23, 0x23, 0x20, 0x20, 0x23, 0x20, 0x0a, 0x23, 0x23, 0x23, 0x23,
    0x23, 0x23, 0x23, 0x23, 0x23, 0x23, 0x23, 0x20, 0x23, 0x20, 0x20, 0x20,
    0x24, 0x20, 0x20, 0x20, 0x23, 0x20, 0x20, 0x20, 0x23, 0x20, 0x0a, 0x23,
    0x2e, 0x2e, 0x20, 0x20, 0x20, 0x20, 0x20, 0x23, 0x20, 0x24, 0x20, 0x20,
    0x23, 0x23, 0x23, 0x23, 0x20, 0x23, 0x20, 0x20, 0x23, 0x20, 0x20, 0x23,
    0x20, 0x0a, 0x23, 0x2e, 0x2e, 0x24, 0x20, 0x20, 0x23, 0x20, 0x20, 0x20,
    0x24, 0x20, 0x20, 0x23, 0x20, 0x20, 0x24, 0x20, 0x23, 0x20, 0x24, 0x20,
    0x2e, 0x23, 0x23, 0x20, 0x0a, 0x23, 0x2e, 0x20, 0x23, 0x20, 0x23, 0x20,
    0x24, 0x20, 0x24, 0x20, 0x23, 0x23, 0x20, 0x20, 0x23, 0x23, 0x20, 0x20,
    0x20, 0x20, 0x23, 0x2e, 0x23, 0x20, 0x20, 0x0a, 0x23, 0x2e, 0x2e, 0x23,
    0x24, 0x20, 0x40, 0x20, 0x23, 0x20, 0x20, 0x20, 0x23, 0x23, 0x20, 0x20,
    0x20, 0x20, 0x24, 0x24, 0x20, 0x23, 0x2e, 0x23, 0x20, 0x20, 0x0a, 0x23,
    0x2e, 0x2e, 0x23, 0x20, 0x24, 0x20, 0x24, 0x20, 0x20, 0x24, 0x20, 0x24,
    0x20, 0x23, 0x23, 0x20, 0x20, 0x20, 0x23, 0x23, 0x20, 0x2e, 0x23, 0x20,
    0x20, 0x0a, 0x23, 0x2e, 0x20, 0x24, 0x24, 0x20, 0x23, 0x20, 0x23, 0x23,
    0x20, 0x20, 0x20, 0x24, 0x20, 0x23, 0x24, 0x23, 0x20, 0x24, 0x20, 0x23,
    0x2e, 0x23, 0x20, 0x20, 0x0a, 0x23, 0x2e, 0x2e, 0x23, 0x20, 0x20, 0x20,
    0x20, 0x20, 0x20, 0x23, 0x23, 0x20, 0x20, 0x20, 0x23, 0x20, 0x20, 0x20,
    0x20, 0x20, 0x23, 0x2e, 0x23, 0x20, 0x20, 0x0a, 0x23, 0x2e, 0x2e, 0x23,
    0x23, 0x23, 0x23, 0x23, 0x23, 0x23, 0x20, 0x20, 0x23, 0x23, 0x23, 0x20,
    0x23, 0x23, 0x23, 0x23, 0x23, 0x23, 0x2e, 0x23, 0x23, 0x20, 0x0a, 0x23,
    0x20, 0x24, 0x24, 0x20, 0x20, 0x20, 0x20, 0x20, 0x20, 0x20, 0x20, 0x20,
    0x20, 0x20, 0x20, 0x20, 0x20, 0x20, 0x20, 0x20, 0x20, 0x20, 0x2e, 0x23,
    0x23, 0x0a, 0x23, 0x20, 0x20, 0x23, 0x23, 0x23, 0x23, 0x23, 0x23, 0x23,
    0x23, 0x23, 0x23, 0x23, 0x23, 0x23, 0x23, 0x23, 0x23, 0x23, 0x23, 0x20,
    0x20, 0x2e, 0x2e, 0x23, 0x0a, 0x23, 0x23, 0x23, 0x23, 0x20, 0x20, 0x20,
    0x20, 0x20, 0x20, 0x20, 0x20, 0x20, 0x20, 0x20, 0x20, 0x20, 0x20, 0x20,
    0x20, 0x23, 0x23, 0x23, 0x23, 0x23, 0x23, 0x73, 0x72, 0x63, 0x5c, 0x6c,
    0x69, 0x62, 0x2e, 0x72, 0x73, 0x00, 0x00, 0xb0, 0xc9, 0x00, 0x00, 0x0a,
    0x00, 0x00, 0x00, 0xc7, 0x01, 0x00, 0x00, 0x15, 0x00, 0x00, 0x00, 0xb0,
    0xc9, 0x00, 0x00, 0x0a, 0x00, 0x00, 0x00, 0xc8, 0x01, 0x00, 0x00, 0x18,
    0x00, 0x00, 0x00, 0x00, 0x41, 0xdc, 0x93, 0x03, 0x0b, 0x04, 0x01, 0x00,
    0x00, 0x00
};

#endif
